Most common words,JE relative frequency,WH relative frequency,Relative frequency difference
heathcliff,0.0,0.008440693025322079,0.008440693025322079
linton,0.0,0.0071790315415370945,0.0071790315415370945
catherine,1.1146408069999442e-05,0.006734784540204353,0.0067236381321343535
hareton,0.0,0.0031808085295424258,0.0031808085295424258
sir,0.0035111185420498244,0.0007641048422923145,0.00274701369975751
master,0.0011146408069999444,0.0036428254109284763,0.002528184603928532
joseph,0.0,0.00248778320746335,0.00248778320746335
earnshaw,0.0,0.0022923145268769437,0.0022923145268769437
cathy,0.0,0.0022034651266103953,0.0022034651266103953
edgar,0.0,0.0020613060861839182,0.0020613060861839182
answered,0.0008359806052499582,0.002772101288316304,0.0019361206830663456
us,0.0014155938248899293,0.0032696579298089738,0.0018540641049190445
heights,2.2292816139998884e-05,0.001830297645490893,0.0018080048293508942
ellen,0.0,0.0017592181252776545,0.0017592181252776545
replied,0.00035668505823998215,0.002079075966237228,0.0017223909079972458
like,0.004469709636069776,0.002772101288316304,0.0016976083477534725
father,0.0006241988519199688,0.0022567747667703243,0.0016325759148503555
nelly,0.0,0.001581519324744558,0.001581519324744558
grange,3.343922420999833e-05,0.0015459795646379387,0.0015125403404279403
well,0.003878950008359806,0.0023989338071968014,0.0014800162011630045
one,0.006654405617789667,0.005188804975566415,0.001465600642223252
till,0.0012483977038399376,0.0026832518880497555,0.001434854184209818
hindley,0.0,0.0014215904042647713,0.0014215904042647713
cried,0.0006353452599899682,0.002025766326077299,0.0013904210660873307
yes,0.0022515744301398874,0.0009951132829853397,0.0012564611471545476
papa,0.00010031767262999498,0.0013149711239449134,0.0012146534513149184
wuthering,0.0,0.0011728120835184362,0.0011728120835184362
room,0.0029315053224098536,0.0017947578853842736,0.00113674743702558
looked,0.0024633561834698768,0.0013327410039982231,0.0011306151794716536
miss,0.003455386501699827,0.002327854286983563,0.001127532214716264
isabella,0.0,0.0011195024433585073,0.0011195024433585073
seemed,0.002340745694699883,0.0012261217236783652,0.0011146239710215179
get,0.0010254695424399486,0.002132385606397157,0.0011069160639572083
long,0.002775455609429861,0.0017414482452243448,0.0010340073642055164
cousin,0.0001337568968399933,0.0011550422034651267,0.0010212853066251333
young,0.0009028590536699549,0.0019013771657041315,0.0009985181120341765
let,0.0014936186813799253,0.00248778320746335,0.0009941645260834245
still,0.002742016385219863,0.0017592181252776545,0.0009827982599422084
eye,0.0013041297441899347,0.0003909373611728121,0.0009131923830171226
come,0.002496795407679875,0.003394047090182141,0.000897251682502266
yet,0.002753162793289862,0.0018658374055975121,0.00088732538769235
dean,0.0,0.0008707241226121724,0.0008707241226121724
exclaimed,0.0004904419550799755,0.0013327410039982231,0.0008422990489182476
kitchen,0.00037897787437998103,0.0011905819635717458,0.0008116040891917648
life,0.0018057181073399097,0.0009951132829853397,0.00081060482435457
going,0.0007913949729699604,0.001581519324744558,0.0007901243517745976
shall,0.002663991528729867,0.0034295868502887605,0.0007655953215588937
thought,0.002842334057849858,0.0020968458462905376,0.0007454882115593203
lad,1.1146408069999442e-05,0.0007463349622390049,0.0007351885541690055
stairs,0.00018948893718999052,0.0009240337627721013,0.0007345448255821109
home,0.0008917126455999555,0.0016170590848511772,0.0007253464392512217
voice,0.001382154600679931,0.0006574855619724567,0.0007246690387074742
day,0.002641698712589868,0.0019191470457574412,0.0007225516668324266
quite,0.0015716435378699215,0.0008529542425588627,0.0007186892953110588
new,0.0012483977038399376,0.0005330964015992892,0.0007153013022406483
passed,0.0010477623585799477,0.00033762772101288314,0.0007101346375670645
felt,0.0018057181073399097,0.0011017325633051976,0.0007039855440347121
near,0.001460179457169927,0.0007641048422923145,0.0006960746148776125
indeed,0.001259544111909937,0.0005686361617059085,0.0006909079502040286
began,0.0005907596277099704,0.001279431363838294,0.0006886717361283236
could,0.005640082483419718,0.0049755664149267,0.0006645160684930181
saw,0.0020732319010198963,0.0014215904042647713,0.000651641496755125
back,0.0015047650894499248,0.0021501554864504667,0.0006453903970005418
though,0.0015047650894499248,0.0021501554864504667,0.0006453903970005418
gimmerton,0.0,0.000639715681919147,0.000639715681919147
mistress,0.0002675137936799866,0.0009062638827187917,0.000638750089038805
little,0.00380092515186981,0.003163038649489116,0.0006378865023806937
gutenberg,0.0010700551747199465,0.0017059084851177254,0.0006358533103977789
night,0.002474502591539876,0.0018480675255442027,0.0006264350659956734
ill,0.00033439224209998327,0.0009595735228787206,0.0006251812807787373
zillah,0.0,0.0006219458018658375,0.0006219458018658375
stood,0.001382154600679931,0.0007641048422923145,0.0006180497583876165
oh,0.0012706905199799364,0.0018836072856508218,0.0006129167656708854
something,0.0015159114975199241,0.0009062638827187917,0.0006096476148011325
unless,0.0001560497129799922,0.0007641048422923145,0.0006080551293123223
son,0.00012261048876999387,0.0007285650821856952,0.0006059545934157014
much,0.0023295992866298834,0.001723678365171035,0.0006059209214588483
woman,0.0010477623585799477,0.000444247001332741,0.0006035153572472066
heard,0.0020063534525998996,0.0014038205242114616,0.000602532928388438
project,0.000980883910159951,0.001581519324744558,0.0006006354145846071
bid,0.00011146408069999443,0.0007107952021323857,0.0005993311214323912
strange,0.001081201582789946,0.0004975566414926699,0.0005836449412972762
boy,0.00011146408069999443,0.000693025322079076,0.0005815612413790815
among,0.00020063534525998996,0.0007818747223456242,0.0005812393770856342
sort,0.0007913949729699604,0.00021323856063971568,0.0005781564123302447
ever,0.001783425291199911,0.0012083518436250555,0.0005750734475748554
moment,0.0012261048876999387,0.0006574855619724567,0.000568619325727482
ye,0.0002340745694699883,0.0007996446023989338,0.0005655700329289454
knew,0.0012483977038399376,0.000693025322079076,0.0005553723817608616
good,0.0026305523045198685,0.002079075966237228,0.0005514763382826406
low,0.0008136877891099593,0.0002665482007996446,0.0005471395883103147
thus,0.0007579557487599621,0.00021323856063971568,0.0005447171881202464
whole,0.0005573204034999722,0.0011017325633051976,0.0005444121598052255
might,0.0017945716992699102,0.002327854286983563,0.0005332825877136529
found,0.0014378866410299281,0.0009062638827187917,0.0005316227583111365
house,0.0020286462687398987,0.002558862727676588,0.0005302164589366895
mr,0.0060636459900796965,0.005544202576632608,0.0005194434134470887
devil,0.00012261048876999387,0.000639715681919147,0.0005171051931491532
nature,0.0008805662375299559,0.00037316748111950246,0.0005073987564104534
tell,0.001660814802429917,0.002167925366503776,0.0005071105640738589
minute,0.00022292816139998886,0.0007285650821856952,0.0005056369207857064
set,0.0007579557487599621,0.0012616614837849844,0.0005037057350250223
else,0.00033439224209998327,0.0008351843625055531,0.0005007921204055699
far,0.0013152761522599342,0.0008174144824522434,0.0004978616698076908
companion,0.00020063534525998996,0.000693025322079076,0.000492389976819086
muttered,7.80248564899961e-05,0.0005686361617059085,0.0004906113052159124
dark,0.001058908766649947,0.0005686361617059085,0.0004902726049440385
heart,0.001961767820319902,0.0014749000444247002,0.0004868677758952018
coming,0.0005127347712199743,0.0009951132829853397,0.00048237851176536543
girl,0.0009251518698099537,0.000444247001332741,0.0004809048684772127
god,0.0012261048876999387,0.0007463349622390049,0.0004797699254609338
told,0.0009251518698099537,0.0014038205242114616,0.00047866865440150794
worse,0.0002340745694699883,0.0007107952021323857,0.00047672063266239733
nobody,0.00016719612104999163,0.000639715681919147,0.0004725195608691554
given,0.0007133701164799643,0.00024877832074633494,0.00046459179573362936
time,0.002719723569079864,0.0022567747667703243,0.00046294880230953947
thrushcross,0.0,0.00046201688138605067,0.00046201688138605067
even,0.001359861784539932,0.0009062638827187917,0.00045359790182114025
whose,0.0007356629326199632,0.00028431808085295425,0.000451344851767009
maister,1.1146408069999442e-05,0.00046201688138605067,0.0004508704733160512
settle,6.687844841999666e-05,0.0005153265215459796,0.0004484480731259829
rose,0.0010700551747199465,0.0006219458018658375,0.00044810937285410905
mrs,0.0028088948336398595,0.002363394047090182,0.00044550078654967754
yah,0.0,0.000444247001332741,0.000444247001332741
hurt,0.00014490330490999275,0.0005864060417592181,0.00044150273684922533
run,0.00020063534525998996,0.000639715681919147,0.00043908033665915704
may,0.001783425291199911,0.002221235006663705,0.00043780971546379405
however,0.0007356629326199632,0.0011728120835184362,0.00043714915089847293
remained,0.00016719612104999163,0.0006041759218125278,0.00043697980076253613
keep,0.0008248341971799588,0.0012616614837849844,0.0004368272866050256
without,0.001660814802429917,0.0012261217236783652,0.0004346930787515518
think,0.002441063367329878,0.002007996446023989,0.00043306692130588896
feeling,0.0007468093406899626,0.0003198578409595735,0.00042695149973038913
kenneth,0.0,0.00042647712127943135,0.00042647712127943135
sometimes,0.000780248564899961,0.00035539760106619283,0.00042485096383376817
bad,0.00037897787437998103,0.0007996446023989338,0.0004206667280189527
also,0.0003901242824499805,0.0007996446023989338,0.00040952031994895326
soon,0.0017054004347099147,0.0012972012438916037,0.00040819919081831095
looking,0.0011146408069999444,0.0007107952021323857,0.0004038456048675587
instead,0.00020063534525998996,0.0006041759218125278,0.0004035405765525378
find,0.0008471270133199577,0.000444247001332741,0.0004028800119872167
angry,7.80248564899961e-05,0.0004797867614393603,0.0004017619049493642
observed,0.00033439224209998327,0.0007285650821856952,0.00039417284008571197
go,0.002775455609429861,0.003163038649489116,0.0003875830400592549
know,0.0025525274480298725,0.002167925366503776,0.0003846020815260966
pale,0.0006130524438499694,0.00023100844069302533,0.000382044003156944
doctor,4.458563227999777e-05,0.00042647712127943135,0.0003818914889994336
turned,0.0010923479908599453,0.0007107952021323857,0.00038155278872755967
hold,0.0003120994259599844,0.000693025322079076,0.0003809258961190916
servant,0.0004012706905199799,0.0007818747223456242,0.00038060403182564427
hour,0.0014267402329599286,0.0010484229231452688,0.0003783173098146598
course,0.0007691021568299616,0.0003909373611728121,0.0003781647956571495
tm,0.0006353452599899682,0.0010128831630386494,0.00037753790304868124
perhaps,0.001159226439279942,0.0007818747223456242,0.00037735171693431785
commenced,0.00012261048876999387,0.0004975566414926699,0.000374946152722676
hate,0.000300953017889985,0.0006752554420257663,0.0003743024241357813
minutes,0.0008359806052499582,0.00046201688138605067,0.0003739637238639075
large,0.0007468093406899626,0.00037316748111950246,0.0003736418595704602
words,0.0011703728473499416,0.0007996446023989338,0.0003707282449510078
hardly,0.0004124170985899794,0.0007818747223456242,0.0003694576237556448
hand,0.002039792676809898,0.0016703687250111063,0.0003694239517987917
returned,0.0007356629326199632,0.0011017325633051976,0.0003660696306852344
nay,0.00010031767262999498,0.00046201688138605067,0.0003616992087560557
bring,0.00024522097753998775,0.0006041759218125278,0.00035895494427254
compelled,0.0,0.00035539760106619283,0.00035539760106619283
lips,0.0006910773003399655,0.00033762772101288314,0.00035344957932708233
crying,5.5732040349997216e-05,0.0004087072412261217,0.0003529752008761245
park,5.5732040349997216e-05,0.0004087072412261217,0.0003529752008761245
latter,5.5732040349997216e-05,0.0004087072412261217,0.0003529752008761245
white,0.0008136877891099593,0.00046201688138605067,0.0003516709077239087
take,0.0016942540266399154,0.0020435362061306086,0.00034928217949069316
interrupted,0.00016719612104999163,0.0005153265215459796,0.0003481304004959879
speech,4.458563227999777e-05,0.0003909373611728121,0.00034635172889281433
fingers,0.00022292816139998886,0.0005686361617059085,0.00034570800030591964
fit,0.00022292816139998886,0.0005686361617059085,0.00034570800030591964
face,0.002140110349439893,0.0017947578853842736,0.0003453524640556194
wife,0.0008248341971799588,0.0004797867614393603,0.00034504743574059846
continued,0.0008471270133199577,0.0011905819635717458,0.00034345495025178815
directly,0.0001560497129799922,0.0004975566414926699,0.00034150692851267765
wicked,0.0001560497129799922,0.0004975566414926699,0.00034150692851267765
lockwood,0.0,0.00033762772101288314,0.00033762772101288314
lie,0.00017834252911999108,0.0005153265215459796,0.0003369839924259885
best,0.0006910773003399655,0.00035539760106619283,0.00033567969927377264
took,0.0013710081926099314,0.0017059084851177254,0.000334900292507794
th,7.80248564899961e-05,0.0004087072412261217,0.0003306823847361256
countenance,0.00034553865016998274,0.0006752554420257663,0.00032971679185578355
say,0.0022292816139998888,0.0019013771657041315,0.00032790444829575724
next,0.0005461739954299727,0.0008707241226121724,0.0003245501271821997
sorry,0.0001560497129799922,0.0004797867614393603,0.0003237370484593681
door,0.002039792676809898,0.002363394047090182,0.00032360137028028405
high,0.0006576380761299671,0.00033762772101288314,0.000320010355117084
bear,0.00044585632279997773,0.0007641048422923145,0.00031824851949233677
married,0.00060190603577997,0.00028431808085295425,0.0003175879549270157
gate,0.00014490330490999275,0.00046201688138605067,0.0003171135764760579
left,0.0015939363540099203,0.001279431363838294,0.0003145049901716263
besides,0.0007579557487599621,0.000444247001332741,0.0003137087474272211
temper,0.00010031767262999498,0.0004087072412261217,0.00030838956859612673
law,0.00018948893718999052,0.0004975566414926699,0.00030806770430267936
already,0.0005907596277099704,0.00028431808085295425,0.0003064415468570162
length,0.0001560497129799922,0.00046201688138605067,0.0003059671684060585
garden,0.00035668505823998215,0.0006574855619724567,0.00030080050373247456
taken,0.0006910773003399655,0.0003909373611728121,0.0003001399391671534
light,0.001081201582789946,0.0007818747223456242,0.00029932686044432185
every,0.001159226439279942,0.0014571301643713905,0.00029790372509144844
air,0.0006687844841999665,0.00037316748111950246,0.0002956170030804641
former,0.00016719612104999163,0.00046201688138605067,0.00029482076033605903
except,0.00025636738560998716,0.0005508662816525988,0.00029449889604261166
turning,0.00025636738560998716,0.0005508662816525988,0.00029449889604261166
feel,0.0009697375020899515,0.0006752554420257663,0.00029448206006418517
cry,0.00022292816139998886,0.0005153265215459796,0.0002923983601459907
guess,0.00010031767262999498,0.0003909373611728121,0.0002906196885428171
tongue,0.00018948893718999052,0.0004797867614393603,0.0002902978242493698
silence,0.000679930892269966,0.0003909373611728121,0.00028899353109715386
two,0.0022069887978598897,0.0019191470457574412,0.0002878417521024485
called,0.0008917126455999555,0.0006041759218125278,0.0002875367237874277
hear,0.0009920303182299505,0.001279431363838294,0.00028740104560834355
1,0.0005127347712199743,0.0007996446023989338,0.00028690983117895944
pony,3.343922420999833e-05,0.0003198578409595735,0.00028641861674957517
grew,0.000300953017889985,0.0005864060417592181,0.0002854530238692331
un,5.5732040349997216e-05,0.00033762772101288314,0.0002818956806628859
making,0.0002340745694699883,0.0005153265215459796,0.00028125195207599123
court,2.2292816139998884e-05,0.0003020879609062639,0.000279795144766265
moors,0.00011146408069999443,0.0003909373611728121,0.00027947328047281763
almost,0.0011146408069999444,0.0008351843625055531,0.00027945644449439125
got,0.0011257872150699437,0.0014038205242114616,0.00027803330914151795
work,0.0011257872150699437,0.0014038205242114616,0.00027803330914151795
church,0.0004904419550799755,0.00021323856063971568,0.0002772033944402598
wished,0.0007913949729699604,0.0005153265215459796,0.00027606845142398085
visit,0.00022292816139998886,0.0004975566414926699,0.000274628480092681
form,0.0004681491389399766,0.00019546868058640605,0.00027268045835357056
stay,0.00060190603577997,0.0008707241226121724,0.00026881808683220244
nearly,0.000300953017889985,0.0005686361617059085,0.00026768314381592353
perceiving,0.0,0.0002665482007996446,0.0002665482007996446
alone,0.0008359806052499582,0.0011017325633051976,0.00026575195805523947
weeping,5.5732040349997216e-05,0.0003198578409595735,0.0002641258006095763
hush,0.00014490330490999275,0.0004087072412261217,0.00026380393631612897
repeated,0.0002340745694699883,0.0004975566414926699,0.00026348207202268154
whispered,0.0002340745694699883,0.0004975566414926699,0.00026348207202268154
show,0.00032324583402998386,0.0005864060417592181,0.0002631602077292342
em,2.2292816139998884e-05,0.00028431808085295425,0.00026202526471295537
foolish,2.2292816139998884e-05,0.00028431808085295425,0.00026202526471295537
bit,0.00011146408069999443,0.00037316748111950246,0.00026170340041950806
another,0.0012706905199799364,0.001528209684584629,0.0002575191646046926
cold,0.0009140054617399543,0.0006574855619724567,0.00025651989976749757
fine,0.0006464916680599677,0.0003909373611728121,0.0002555543068871556
lattice,1.1146408069999442e-05,0.0002665482007996446,0.00025540179272964515
sake,0.00018948893718999052,0.000444247001332741,0.00025475806414275047
done,0.0008471270133199577,0.0011017325633051976,0.00025460554998523995
finally,6.687844841999666e-05,0.0003198578409595735,0.00025297939253957687
thoughts,0.0005015883631499749,0.00024877832074633494,0.00025281004240363997
stared,3.343922420999833e-05,0.00028431808085295425,0.0002508788566429559
power,0.0005350275873599733,0.00028431808085295425,0.000250709506507019
purpose,0.00021178175332998942,0.00046201688138605067,0.0002502351280560612
company,0.000300953017889985,0.0005508662816525988,0.00024991326376261385
laughing,8.917126455999554e-05,0.00033762772101288314,0.0002484564564528876
remain,0.00017834252911999108,0.00042647712127943135,0.0002481345921594403
morning,0.0013487153764699326,0.0011017325633051976,0.00024698281316473496
sure,0.001081201582789946,0.0008351843625055531,0.0002460172202843929
care,0.0005907596277099704,0.0008351843625055531,0.0002444247347955827
sobbed,2.2292816139998884e-05,0.0002665482007996446,0.00024425538465964574
wi,2.2292816139998884e-05,0.0002665482007996446,0.00024425538465964574
self,0.00045700273086997714,0.00021323856063971568,0.00024376417023026147
since,0.0008582734213899571,0.0011017325633051976,0.00024345914191524053
notice,0.0002898066098199855,0.0005330964015992892,0.00024328979177930374
dog,0.0002898066098199855,0.0005330964015992892,0.00024328979177930374
n,7.80248564899961e-05,0.0003198578409595735,0.0002418329844695774
fro,7.80248564899961e-05,0.0003198578409595735,0.0002418329844695774
seized,0.00016719612104999163,0.0004087072412261217,0.0002415111201761301
full,0.001058908766649947,0.0008174144824522434,0.00024149428419770354
friend,0.0003120994259599844,0.0005508662816525988,0.00023876685569261443
hinder,1.1146408069999442e-05,0.00024877832074633494,0.0002376319126763355
lass,1.1146408069999442e-05,0.00024877832074633494,0.0002376319126763355
remarked,0.00018948893718999052,0.00042647712127943135,0.00023698818408944084
humour,6.687844841999666e-05,0.0003020879609062639,0.00023520951248626724
absence,0.0001560497129799922,0.0003909373611728121,0.0002348876481928199
calling,3.343922420999833e-05,0.0002665482007996446,0.0002331089765896463
character,0.0005350275873599733,0.0003020879609062639,0.00023293962645370937
_you_,0.00012261048876999387,0.00035539760106619283,0.00023278711229619896
entirely,0.00012261048876999387,0.00035539760106619283,0.00023278711229619896
ago,0.00044585632279997773,0.00021323856063971568,0.00023261776216026205
summer,0.00021178175332998942,0.000444247001332741,0.00023246524800275156
joy,0.00021178175332998942,0.000444247001332741,0.00023246524800275156
lintons,0.0,0.00023100844069302533,0.00023100844069302533
chapel,0.0,0.00023100844069302533,0.00023100844069302533
point,0.0005684668115699716,0.00033762772101288314,0.00023083909055708846
leant,8.917126455999554e-05,0.0003198578409595735,0.000230686576399578
departed,8.917126455999554e-05,0.0003198578409595735,0.000230686576399578
floor,0.00017834252911999108,0.0004087072412261217,0.00023036471210613065
morrow,0.00035668505823998215,0.0005864060417592181,0.00022972098351923593
doubt,0.0006910773003399655,0.00046201688138605067,0.0002290604189539148
silly,5.5732040349997216e-05,0.00028431808085295425,0.00022858604050295702
sat,0.0011703728473499416,0.0009418036428254109,0.00022856920452453064
stopped,0.0005127347712199743,0.00028431808085295425,0.00022841669036702006
cause,0.00014490330490999275,0.00037316748111950246,0.0002282641762095097
doors,0.0002340745694699883,0.00046201688138605067,0.00022794231191606236
books,0.00032324583402998386,0.0005508662816525988,0.00022762044762261496
certain,0.0008136877891099593,0.0005864060417592181,0.00022728174735074126
idle,2.2292816139998884e-05,0.00024877832074633494,0.00022648550460633606
raise,2.2292816139998884e-05,0.00024877832074633494,0.00022648550460633606
amusement,2.2292816139998884e-05,0.00024877832074633494,0.00022648550460633606
bonny,2.2292816139998884e-05,0.00024877832074633494,0.00022648550460633606
marry,0.0005461739954299727,0.0003198578409595735,0.00022631615447039915
clear,0.00045700273086997714,0.00023100844069302533,0.0002259942901769518
make,0.0016942540266399154,0.0019191470457574412,0.0002248930191175258
concerning,7.80248564899961e-05,0.0003020879609062639,0.00022406310441626777
refused,7.80248564899961e-05,0.0003020879609062639,0.00022406310441626777
naughty,7.80248564899961e-05,0.0003020879609062639,0.00022406310441626777
flung,7.80248564899961e-05,0.0003020879609062639,0.00022406310441626777
forget,0.0004904419550799755,0.0002665482007996446,0.00022389375428033087
hearth,0.0003120994259599844,0.0005330964015992892,0.00022099697563930486
road,0.0004904419550799755,0.0007107952021323857,0.00022035324705241017
quiet,0.0006464916680599677,0.00042647712127943135,0.00022001454678053636
dismal,1.1146408069999442e-05,0.00023100844069302533,0.0002198620326230259
mention,0.00010031767262999498,0.0003198578409595735,0.00021954016832957852
odd,6.687844841999666e-05,0.00028431808085295425,0.0002174396324329576
housekeeper,0.0001560497129799922,0.00037316748111950246,0.00021711776813951027
rough,0.0001560497129799922,0.00037316748111950246,0.00021711776813951027
times,0.00033439224209998327,0.0005508662816525988,0.00021647403955261555
pleasure,0.0008025413810399598,0.0005864060417592181,0.00021613533928074174
together,0.0005127347712199743,0.0007285650821856952,0.00021583031096572092
followed,0.0006241988519199688,0.0004087072412261217,0.00021549161069384706
feelings,0.0005350275873599733,0.0003198578409595735,0.00021516974640039974
open,0.000780248564899961,0.0009951132829853397,0.00021486471808537875
way,0.0016719612104999163,0.0014571301643713905,0.00021483104612852588
raised,0.00021178175332998942,0.00042647712127943135,0.00021469536794944193
use,0.0003901242824499805,0.0006041759218125278,0.00021405163936254727
hide,0.0,0.00021323856063971568,0.00021323856063971568
behaviour,0.0,0.00021323856063971568,0.00021323856063971568
sha,0.0,0.00021323856063971568,0.00021323856063971568
nowt,0.0,0.00021323856063971568,0.00021323856063971568
minny,0.0,0.00021323856063971568,0.00021323856063971568
walking,8.917126455999554e-05,0.0003020879609062639,0.00021291669634626836
notion,0.00017834252911999108,0.0003909373611728121,0.00021259483205282102
kill,5.5732040349997216e-05,0.0002665482007996446,0.0002108161604496474
sadly,2.2292816139998884e-05,0.00023100844069302533,0.00020871562455302645
wretch,2.2292816139998884e-05,0.00023100844069302533,0.00020871562455302645
exceedingly,2.2292816139998884e-05,0.00023100844069302533,0.00020871562455302645
sit,0.000679930892269966,0.000888494002665482,0.000208563110395516
snow,0.00020063534525998996,0.0004087072412261217,0.00020807189596613177
window,0.0008582734213899571,0.0010661928031985785,0.00020791938180862138
says,0.0002898066098199855,0.0004975566414926699,0.00020775003167268437
inquired,0.0002898066098199855,0.0004975566414926699,0.00020775003167268437
great,0.0013264225603299338,0.0011195024433585073,0.00020692011697142645
remove,7.80248564899961e-05,0.00028431808085295425,0.00020629322436295814
order,0.0004904419550799755,0.00028431808085295425,0.00020612387422702124
wish,0.0011815192554199409,0.001386050644158152,0.0002045313887382111
insisted,4.458563227999777e-05,0.00024877832074633494,0.00020419268846633718
guessed,4.458563227999777e-05,0.00024877832074633494,0.00020419268846633718
gentleman,0.00043470991472997826,0.00023100844069302533,0.00020370147403695293
name,0.0009140054617399543,0.0007107952021323857,0.00020321025960756862
give,0.0014824722733099258,0.001279431363838294,0.00020304090947163172
extremely,1.1146408069999442e-05,0.00021323856063971568,0.00020209215256971624
vexed,1.1146408069999442e-05,0.00021323856063971568,0.00020209215256971624
damn,1.1146408069999442e-05,0.00021323856063971568,0.00020209215256971624
owner,0.00010031767262999498,0.0003020879609062639,0.0002017702882762689
corner,0.00018948893718999052,0.0003909373611728121,0.00020144842398282158
hands,0.0008471270133199577,0.0010484229231452688,0.0002012959098253111
chamber,0.00045700273086997714,0.0006574855619724567,0.00020048283110247957
illness,6.687844841999666e-05,0.0002665482007996446,0.00019966975237964798
altered,6.687844841999666e-05,0.0002665482007996446,0.00019966975237964798
dress,0.0004124170985899794,0.00021323856063971568,0.0001991785379502637
pleased,0.00024522097753998775,0.000444247001332741,0.00019902602379275324
killed,3.343922420999833e-05,0.00023100844069302533,0.000197569216483027
enough,0.0011926656634899404,0.0009951132829853397,0.00019755238050460063
opportunity,0.00012261048876999387,0.0003198578409595735,0.00019724735218957964
hell,0.00012261048876999387,0.0003198578409595735,0.00019724735218957964
bright,0.00044585632279997773,0.00024877832074633494,0.0001970780020536428
glass,0.00044585632279997773,0.00024877832074633494,0.0001970780020536428
bed,0.000958591094019952,0.0011550422034651267,0.00019645110944517465
wild,0.0006576380761299671,0.00046201688138605067,0.00019562119474391646
laughed,0.00017834252911999108,0.00037316748111950246,0.00019482495199951139
reason,0.0002675137936799866,0.00046201688138605067,0.00019450308770606404
horse,0.00035668505823998215,0.0005508662816525988,0.00019418122341261667
death,0.0006241988519199688,0.0008174144824522434,0.00019321563053227467
completely,5.5732040349997216e-05,0.00024877832074633494,0.0001930462803963377
attempted,5.5732040349997216e-05,0.00024877832074633494,0.0001930462803963377
aversion,5.5732040349997216e-05,0.00024877832074633494,0.0001930462803963377
brother,0.0005015883631499749,0.000693025322079076,0.00019143695892910107
dogs,2.2292816139998884e-05,0.00021323856063971568,0.0001909457444997168
villain,2.2292816139998884e-05,0.00021323856063971568,0.0001909457444997168
grieved,2.2292816139998884e-05,0.00021323856063971568,0.0001909457444997168
hereafter,2.2292816139998884e-05,0.00021323856063971568,0.0001909457444997168
quarrel,2.2292816139998884e-05,0.00021323856063971568,0.0001909457444997168
sound,0.0005461739954299727,0.00035539760106619283,0.00019077639436377984
step,0.0005461739954299727,0.00035539760106619283,0.00019077639436377984
seated,0.00020063534525998996,0.0003909373611728121,0.00019030201591282213
chimney,7.80248564899961e-05,0.0002665482007996446,0.0001885233443096485
convinced,7.80248564899961e-05,0.0002665482007996446,0.0001885233443096485
inform,7.80248564899961e-05,0.0002665482007996446,0.0001885233443096485
poor,0.0007356629326199632,0.0009240337627721013,0.0001883708301521381
conduct,0.00016719612104999163,0.00035539760106619283,0.0001882014800162012
blue,0.0004012706905199799,0.00021323856063971568,0.00018803212988026424
guest,4.458563227999777e-05,0.00023100844069302533,0.00018642280841302757
smile,0.0005238811792899738,0.00033762772101288314,0.0001862534582770907
teeth,0.0001337568968399933,0.0003198578409595735,0.0001861009441195802
dropped,0.0001337568968399933,0.0003198578409595735,0.0001861009441195802
lived,0.00043470991472997826,0.00024877832074633494,0.00018593159398364332
arm,0.0004904419550799755,0.0006752554420257663,0.0001848134869457908
walk,0.000579613219639971,0.0007641048422923145,0.00018449162265234348
mamma,1.1146408069999442e-05,0.00019546868058640605,0.0001843222725164066
entered,0.0006687844841999665,0.0008529542425588627,0.00018416975835889617
lock,0.00010031767262999498,0.00028431808085295425,0.00018400040822295926
period,0.00010031767262999498,0.00028431808085295425,0.00018400040822295926
strength,0.0004681491389399766,0.00028431808085295425,0.00018383105808702236
stepped,6.687844841999666e-05,0.00024877832074633494,0.0001818998723263383
reply,0.0004124170985899794,0.00023100844069302533,0.00018140865789695405
recovered,3.343922420999833e-05,0.00021323856063971568,0.00017979933642971735
pulled,3.343922420999833e-05,0.00021323856063971568,0.00017979933642971735
agitation,3.343922420999833e-05,0.00021323856063971568,0.00017979933642971735
thee,3.343922420999833e-05,0.00021323856063971568,0.00017979933642971735
question,0.0005350275873599733,0.00035539760106619283,0.00017962998629378042
condition,0.00012261048876999387,0.0003020879609062639,0.00017947747213627
imagine,0.00012261048876999387,0.0003020879609062639,0.00017947747213627
hat,0.00012261048876999387,0.0003020879609062639,0.00017947747213627
electronic,0.000300953017889985,0.0004797867614393603,0.00017883374354937532
live,0.0007468093406899626,0.0005686361617059085,0.00017817317898405414
different,0.0003901242824499805,0.00021323856063971568,0.00017688572181026482
often,0.000780248564899961,0.0006041759218125278,0.00017607264308743323
strong,0.00060190603577997,0.00042647712127943135,0.0001754289145005386
ashamed,5.5732040349997216e-05,0.00023100844069302533,0.00017527640034302813
fool,0.00014490330490999275,0.0003198578409595735,0.00017495453604958076
neck,0.0002340745694699883,0.0004087072412261217,0.00017463267175613342
uttered,0.0002340745694699883,0.0004087072412261217,0.00017463267175613342
ah,0.0002340745694699883,0.0004087072412261217,0.00017463267175613342
dear,0.00032324583402998386,0.0004975566414926699,0.00017431080746268602
round,0.0012929833361199354,0.0011195024433585073,0.0001734808927614281
pushing,2.2292816139998884e-05,0.00019546868058640605,0.00017317586444640716
several,0.00011146408069999443,0.00028431808085295425,0.00017285400015295982
beside,0.00011146408069999443,0.00028431808085295425,0.00017285400015295982
ere,0.00045700273086997714,0.00028431808085295425,0.0001726846500170229
forth,0.00020063534525998996,0.00037316748111950246,0.0001725321358595125
seeing,0.00020063534525998996,0.00037316748111950246,0.0001725321358595125
black,0.0009362982778799532,0.0007641048422923145,0.00017219343558763872
send,0.00037897787437998103,0.0005508662816525988,0.0001718884072726178
turn,0.0006464916680599677,0.0008174144824522434,0.00017092281439227573
escape,7.80248564899961e-05,0.00024877832074633494,0.00017075346425633883
fiend,7.80248564899961e-05,0.00024877832074633494,0.00017075346425633883
gone,0.0007356629326199632,0.0009062638827187917,0.00017060095009882841
harm,4.458563227999777e-05,0.00021323856063971568,0.00016865292835971791
patience,4.458563227999777e-05,0.00021323856063971568,0.00016865292835971791
talk,0.0007022237084099649,0.0008707241226121724,0.0001685004142022075
small,0.0005238811792899738,0.00035539760106619283,0.000168483578223781
yard,0.0001337568968399933,0.0003020879609062639,0.00016833106406627057
apparently,0.0001337568968399933,0.0003020879609062639,0.00016833106406627057
sense,0.0006464916680599677,0.0004797867614393603,0.0001667049066206074
old,0.0013264225603299338,0.0014926699244780098,0.00016624736414807607
reach,0.00018948893718999052,0.00035539760106619283,0.00016590866387620231
yesterday,0.00018948893718999052,0.00035539760106619283,0.00016590866387620231
health,0.00018948893718999052,0.00035539760106619283,0.00016590866387620231
watched,0.00037897787437998103,0.00021323856063971568,0.00016573931374026536
prevent,6.687844841999666e-05,0.00023100844069302533,0.00016412999227302866
pass,0.0005015883631499749,0.00033762772101288314,0.00016396064213709176
allow,0.0001560497129799922,0.0003198578409595735,0.00016380812797958132
darling,0.0001560497129799922,0.0003198578409595735,0.00016380812797958132
ten,0.0004124170985899794,0.00024877832074633494,0.00016363877784364444
watching,0.00012261048876999387,0.00028431808085295425,0.00016170759208296038
breakfast,0.00044585632279997773,0.00028431808085295425,0.00016153824194702348
entrance,0.00021178175332998942,0.00037316748111950246,0.00016138572778951304
enter,0.00021178175332998942,0.00037316748111950246,0.00016138572778951304
uncle,0.000300953017889985,0.00046201688138605067,0.0001610638634960657
account,0.000300953017889985,0.00046201688138605067,0.0001610638634960657
upon,0.0005684668115699716,0.0004087072412261217,0.00015975957034384988
case,0.0003901242824499805,0.00023100844069302533,0.00015911584175695517
many,0.000780248564899961,0.0006219458018658375,0.00015830276303412355
amuse,5.5732040349997216e-05,0.00021323856063971568,0.00015750652028971845
recollect,5.5732040349997216e-05,0.00021323856063971568,0.00015750652028971845
ride,5.5732040349997216e-05,0.00021323856063971568,0.00015750652028971845
persuade,5.5732040349997216e-05,0.00021323856063971568,0.00015750652028971845
constant,5.5732040349997216e-05,0.00021323856063971568,0.00015750652028971845
works,0.0004124170985899794,0.0005686361617059085,0.00015621906311592913
water,0.0006353452599899682,0.0004797867614393603,0.0001555584985506079
second,0.0005461739954299727,0.0003909373611728121,0.00015523663425716058
stop,0.00011146408069999443,0.0002665482007996446,0.0001550841200996502
sprang,0.00011146408069999443,0.0002665482007996446,0.0001550841200996502
agreement,0.00020063534525998996,0.00035539760106619283,0.00015476225580620287
foundation,0.0002898066098199855,0.000444247001332741,0.00015444039151275548
afterwards,0.0002898066098199855,0.000444247001332741,0.00015444039151275548
fancy,0.0002898066098199855,0.000444247001332741,0.00015444039151275548
wait,0.0002898066098199855,0.000444247001332741,0.00015444039151275548
expression,0.0002898066098199855,0.000444247001332741,0.00015444039151275548
stand,0.0002898066098199855,0.000444247001332741,0.00015444039151275548
said,0.006509502312879675,0.006663705019991115,0.00015420270711144057
help,0.0004681491389399766,0.0006219458018658375,0.00015379666292586084
pray,7.80248564899961e-05,0.00023100844069302533,0.00015298358420302925
begin,7.80248564899961e-05,0.00023100844069302533,0.00015298358420302925
pushed,7.80248564899961e-05,0.00023100844069302533,0.00015298358420302925
chair,0.0007356629326199632,0.000888494002665482,0.00015283107004551873
dying,0.00016719612104999163,0.0003198578409595735,0.00015266171990958188
speaking,0.0004012706905199799,0.00024877832074633494,0.00015249236977364497
pretty,0.00025636738560998716,0.0004087072412261217,0.00015233985561613456
ready,0.00034553865016998274,0.0004975566414926699,0.00015201799132268714
lady,0.0010923479908599453,0.001243891603731675,0.00015154361287172957
latch,4.458563227999777e-05,0.00019546868058640605,0.00015088304830640828
quick,0.0001337568968399933,0.00028431808085295425,0.00015056118401296094
aloud,0.0001337568968399933,0.00028431808085295425,0.00015056118401296094
beneath,0.0001337568968399933,0.00028431808085295425,0.00015056118401296094
expected,0.00043470991472997826,0.00028431808085295425,0.000150391833877024
mouth,0.00022292816139998886,0.00037316748111950246,0.0001502393197195136
breath,0.00022292816139998886,0.00037316748111950246,0.0001502393197195136
slight,0.00010031767262999498,0.00024877832074633494,0.00014846064811633995
determined,0.00010031767262999498,0.00024877832074633494,0.00014846064811633995
aspect,0.00018948893718999052,0.00033762772101288314,0.00014813878382289263
forgive,0.00018948893718999052,0.00033762772101288314,0.00014813878382289263
listen,0.00037897787437998103,0.00023100844069302533,0.0001479694336869557
aid,0.00037897787437998103,0.00023100844069302533,0.0001479694336869557
desire,0.0002786602017499861,0.00042647712127943135,0.00014781691952944526
tears,0.0003678314663099816,0.0005153265215459796,0.00014749505523599794
place,0.00120381207155994,0.0013505108840515326,0.00014669881249159268
towards,0.0006353452599899682,0.0007818747223456242,0.000146529462355656
continue,6.687844841999666e-05,0.00021323856063971568,0.00014636011221971903
knife,6.687844841999666e-05,0.00021323856063971568,0.00014636011221971903
visits,6.687844841999666e-05,0.00021323856063971568,0.00014636011221971903
curate,6.687844841999666e-05,0.00021323856063971568,0.00014636011221971903
altogether,6.687844841999666e-05,0.00021323856063971568,0.00014636011221971903
outside,0.0001560497129799922,0.0003020879609062639,0.0001460382479262717
fair,0.0004124170985899794,0.0002665482007996446,0.00014586889779033476
ought,0.0004124170985899794,0.0002665482007996446,0.00014586889779033476
soft,0.0004124170985899794,0.0002665482007996446,0.00014586889779033476
filled,0.0004124170985899794,0.0002665482007996446,0.00014586889779033476
country,0.00024522097753998775,0.0003909373611728121,0.00014571638363282435
winter,0.00024522097753998775,0.0003909373611728121,0.00014571638363282435
wind,0.0005350275873599733,0.0003909373611728121,0.00014409022618716116
hated,0.00012261048876999387,0.0002665482007996446,0.00014393771202965075
nonsense,0.00012261048876999387,0.0002665482007996446,0.00014393771202965075
suffer,0.00021178175332998942,0.00035539760106619283,0.0001436158477362034
rise,0.00035668505823998215,0.00021323856063971568,0.00014344649760026647
spare,8.917126455999554e-05,0.00023100844069302533,0.00014183717613302978
possible,0.00017834252911999108,0.0003198578409595735,0.00014151531183958244
rain,0.0003901242824499805,0.00024877832074633494,0.00014134596170364556
dream,0.0003901242824499805,0.00024877832074633494,0.00014134596170364556
cannot,0.0015270579055899236,0.001386050644158152,0.0001410072614317717
arms,0.00060190603577997,0.00046201688138605067,0.00013988915439391928
threw,0.00014490330490999275,0.00028431808085295425,0.0001394147759429615
conversation,0.00042356350665997885,0.00028431808085295425,0.0001392454258070246
creature,0.0002340745694699883,0.00037316748111950246,0.00013909291164951416
broke,0.00033439224209998327,0.00019546868058640605,0.00013892356151357722
asked,0.0017276932508499135,0.0018658374055975121,0.00013814415474759862
chapter,0.0005015883631499749,0.000639715681919147,0.00013812731876917212
behind,0.0006353452599899682,0.0004975566414926699,0.00013778861849729832
drink,0.00011146408069999443,0.00024877832074633494,0.0001373142400463405
anguish,0.00011146408069999443,0.00024877832074633494,0.0001373142400463405
avoid,0.00011146408069999443,0.00024877832074633494,0.0001373142400463405
beheld,0.00011146408069999443,0.00024877832074633494,0.0001373142400463405
charge,0.00020063534525998996,0.00033762772101288314,0.0001369923757528932
head,0.0015159114975199241,0.0016525988449577966,0.00013668734743787245
mean,0.000579613219639971,0.000444247001332741,0.00013536621830723003
revealed,7.80248564899961e-05,0.00021323856063971568,0.00013521370414971957
wept,7.80248564899961e-05,0.00021323856063971568,0.00013521370414971957
catch,7.80248564899961e-05,0.00021323856063971568,0.00013521370414971957
anger,7.80248564899961e-05,0.00021323856063971568,0.00013521370414971957
perfectly,7.80248564899961e-05,0.00021323856063971568,0.00013521370414971957
early,0.00025636738560998716,0.0003909373611728121,0.00013456997556282493
speak,0.0009140054617399543,0.0010484229231452688,0.00013441746140531452
miserable,0.0001337568968399933,0.0002665482007996446,0.0001327913039596513
seven,0.0001337568968399933,0.0002665482007996446,0.0001327913039596513
forehead,0.00034553865016998274,0.00021323856063971568,0.00013230008953026706
living,0.0004012706905199799,0.0005330964015992892,0.00013182571107930933
person,0.000579613219639971,0.0007107952021323857,0.00013118198249241464
sufficient,0.00010031767262999498,0.00023100844069302533,0.00013069076806303037
milk,0.00010031767262999498,0.00023100844069302533,0.00013069076806303037
ordered,0.00010031767262999498,0.00023100844069302533,0.00013069076806303037
exactly,0.00010031767262999498,0.00023100844069302533,0.00013069076806303037
tone,0.0004681491389399766,0.00033762772101288314,0.00013052141792709346
repeat,0.00018948893718999052,0.0003198578409595735,0.000130368903769583
reached,0.0002786602017499861,0.0004087072412261217,0.00013004703947613563
sweet,0.0005015883631499749,0.00037316748111950246,0.00012842088203047244
must,0.0035222649501198237,0.003394047090182141,0.0001282178599376826
usual,0.0004124170985899794,0.00028431808085295425,0.00012809901773702513
less,0.0005127347712199743,0.000639715681919147,0.0001269809106991727
quit,0.00012261048876999387,0.00024877832074633494,0.00012616783197634106
desired,0.00012261048876999387,0.00024877832074633494,0.00012616783197634106
trying,0.00012261048876999387,0.00024877832074633494,0.00012616783197634106
journey,0.00021178175332998942,0.00033762772101288314,0.00012584596768289372
hills,0.00021178175332998942,0.00033762772101288314,0.00012584596768289372
rich,0.00035668505823998215,0.00023100844069302533,0.00012567661754695682
sun,0.00035668505823998215,0.00023100844069302533,0.00012567661754695682
afraid,0.0003901242824499805,0.0005153265215459796,0.00012520223909599906
seen,0.0008359806052499582,0.0007107952021323857,0.00012518540311757251
call,0.000479295547009976,0.0006041759218125278,0.00012488037480255174
eagerly,8.917126455999554e-05,0.00021323856063971568,0.00012406729607972015
cheeks,8.917126455999554e-05,0.00021323856063971568,0.00012406729607972015
beyond,0.000479295547009976,0.00035539760106619283,0.0001238979459437832
body,0.00014490330490999275,0.0002665482007996446,0.00012164489588965187
instant,0.00014490330490999275,0.0002665482007996446,0.00012164489588965187
aware,0.0002340745694699883,0.00035539760106619283,0.00012132303159620452
along,0.00033439224209998327,0.00021323856063971568,0.00012115368146026759
means,0.00032324583402998386,0.000444247001332741,0.00012100116730275713
tea,0.0004124170985899794,0.0005330964015992892,0.00012067930300930986
stones,0.00011146408069999443,0.00023100844069302533,0.0001195443599930309
meeting,0.00011146408069999443,0.00023100844069302533,0.0001195443599930309
anxious,0.00011146408069999443,0.00023100844069302533,0.0001195443599930309
pleasant,0.0003678314663099816,0.00024877832074633494,0.00011905314556364668
meet,0.0003678314663099816,0.00024877832074633494,0.00011905314556364668
tried,0.0002898066098199855,0.0004087072412261217,0.00011890063140613621
close,0.000579613219639971,0.00046201688138605067,0.00011759633825392035
started,0.00016719612104999163,0.00028431808085295425,0.00011712195980296262
ear,0.0004012706905199799,0.00028431808085295425,0.00011695260966702566
days,0.0007913949729699604,0.0006752554420257663,0.00011613953094419412
short,0.0005238811792899738,0.0004087072412261217,0.00011517393806385212
terror,0.0001337568968399933,0.00024877832074633494,0.00011502142390634162
front,0.00043470991472997826,0.0003198578409595735,0.00011485207377040475
chance,0.00022292816139998886,0.00033762772101288314,0.00011469955961289428
obliged,0.00022292816139998886,0.00033762772101288314,0.00011469955961289428
end,0.0006464916680599677,0.0005330964015992892,0.00011339526646067847
agony,0.00010031767262999498,0.00021323856063971568,0.0001129208880097207
knees,0.00010031767262999498,0.00021323856063971568,0.0001129208880097207
anybody,0.00010031767262999498,0.00021323856063971568,0.0001129208880097207
stayed,0.00018948893718999052,0.0003020879609062639,0.00011259902371627337
kept,0.0005461739954299727,0.0006574855619724567,0.00011131156654248405
cheerful,0.0001560497129799922,0.0002665482007996446,0.00011049848781965243
meant,0.0001560497129799922,0.0002665482007996446,0.00011049848781965243
occasion,0.0001560497129799922,0.0002665482007996446,0.00011049848781965243
immediately,0.00024522097753998775,0.00035539760106619283,0.00011017662352620508
mad,0.00024522097753998775,0.00035539760106619283,0.00011017662352620508
months,0.00033439224209998327,0.000444247001332741,0.00010985475923275771
world,0.0008917126455999555,0.0007818747223456242,0.00010983792325433128
trouble,0.00042356350665997885,0.0005330964015992892,0.0001095328949393104
opened,0.0007133701164799643,0.0006041759218125278,0.00010919419466743653
dead,0.00060190603577997,0.0007107952021323857,0.00010888916635241571
earnest,0.00012261048876999387,0.00023100844069302533,0.00010839795192303146
single,0.00021178175332998942,0.0003198578409595735,0.00010807608762958409
whether,0.0008694198294599565,0.0009773434029320303,0.00010792357347207376
husband,0.0003901242824499805,0.0004975566414926699,0.00010743235904268938
following,0.00017834252911999108,0.00028431808085295425,0.00010597555173296318
ears,0.00017834252911999108,0.00028431808085295425,0.00010597555173296318
twice,0.00017834252911999108,0.00028431808085295425,0.00010597555173296318
bent,0.0003901242824499805,0.00028431808085295425,0.00010580620159702625
demanded,0.0002675137936799866,0.00037316748111950246,0.00010565368743951583
word,0.000958591094019952,0.0008529542425588627,0.00010563685146108934
nothing,0.0018503037396199074,0.0019546868058640606,0.00010438306624415317
happy,0.00060190603577997,0.0004975566414926699,0.00010434939428730008
evil,0.00014490330490999275,0.00024877832074633494,0.00010387501583634218
weather,0.00014490330490999275,0.00024877832074633494,0.00010387501583634218
cruel,0.00014490330490999275,0.00024877832074633494,0.00010387501583634218
sorrow,0.00014490330490999275,0.00024877832074633494,0.00010387501583634218
understand,0.00033439224209998327,0.00023100844069302533,0.00010338380140695794
hours,0.0004124170985899794,0.0005153265215459796,0.00010290942295600018
shoulders,0.00011146408069999443,0.00021323856063971568,0.00010177447993972124
glance,0.00045700273086997714,0.00035539760106619283,0.00010160512980378431
changed,0.00020063534525998996,0.0003020879609062639,0.00010145261564627393
kindness,0.00020063534525998996,0.0003020879609062639,0.00010145261564627393
deal,0.0003678314663099816,0.0002665482007996446,0.000101283265510337
suddenly,0.0003678314663099816,0.0002665482007996446,0.000101283265510337
approached,0.0003678314663099816,0.0002665482007996446,0.000101283265510337
years,0.0009362982778799532,0.0008351843625055531,0.00010111391537440009
twenty,0.00037897787437998103,0.0004797867614393603,0.00010080888705937927
hope,0.0008471270133199577,0.0007463349622390049,0.00010079205108095277
donations,0.00016719612104999163,0.0002665482007996446,9.935207974965299e-05
murmured,0.00016719612104999163,0.0002665482007996446,9.935207974965299e-05
subject,0.00034553865016998274,0.000444247001332741,9.870835116275825e-05
family,0.00043470991472997826,0.0005330964015992892,9.838648686931098e-05
reflection,0.0001337568968399933,0.00023100844069302533,9.725154385303202e-05
discover,0.0001337568968399933,0.00023100844069302533,9.725154385303202e-05
roof,0.00022292816139998886,0.0003198578409595735,9.692967955958465e-05
earth,0.0003120994259599844,0.0004087072412261217,9.660781526613733e-05
held,0.0004904419550799755,0.0005864060417592181,9.596408667924259e-05
rest,0.0007356629326199632,0.000639715681919147,9.594725070081621e-05
either,0.0007356629326199632,0.000639715681919147,9.594725070081621e-05
idea,0.0005573204034999722,0.00046201688138605067,9.530352211392152e-05
bare,0.00010031767262999498,0.00019546868058640605,9.515100795641107e-05
brought,0.0007579557487599621,0.0008529542425588627,9.499849379890064e-05
attempt,0.00018948893718999052,0.00028431808085295425,9.482914366296374e-05
thing,0.0008471270133199577,0.0009418036428254109,9.467662950545322e-05
money,0.00037897787437998103,0.00028431808085295425,9.465979352702678e-05
removed,0.0002786602017499861,0.00037316748111950246,9.450727936951637e-05
heaven,0.0003678314663099816,0.00046201688138605067,9.418541507606905e-05
soul,0.00045700273086997714,0.0005508662816525988,9.386355078262168e-05
please,0.00045700273086997714,0.0005508662816525988,9.386355078262168e-05
present,0.0007245165245499638,0.0008174144824522434,9.289795790227962e-05
permission,0.0001560497129799922,0.00024877832074633494,9.272860776634274e-05
aside,0.0001560497129799922,0.00024877832074633494,9.272860776634274e-05
sunshine,0.0001560497129799922,0.00024877832074633494,9.272860776634274e-05
write,0.0001560497129799922,0.00024877832074633494,9.272860776634274e-05
literary,0.0001560497129799922,0.00024877832074633494,9.272860776634274e-05
thrust,0.0001560497129799922,0.00024877832074633494,9.272860776634274e-05
states,0.0001560497129799922,0.00024877832074633494,9.272860776634274e-05
fixed,0.00024522097753998775,0.00033762772101288314,9.24067434728954e-05
proceeded,0.00032324583402998386,0.00023100844069302533,9.223739333695852e-05
terms,0.00033439224209998327,0.00042647712127943135,9.208487917944808e-05
die,0.00042356350665997885,0.0005153265215459796,9.176301488600071e-05
least,0.0008025413810399598,0.0007107952021323857,9.174617890757417e-05
horror,0.00012261048876999387,0.00021323856063971568,9.06280718697218e-05
strike,0.00012261048876999387,0.00021323856063971568,9.06280718697218e-05
grow,0.00012261048876999387,0.00021323856063971568,9.06280718697218e-05
buried,0.00012261048876999387,0.00021323856063971568,9.06280718697218e-05
excuse,0.00012261048876999387,0.00021323856063971568,9.06280718697218e-05
consent,0.00012261048876999387,0.00021323856063971568,9.06280718697218e-05
scene,0.00035668505823998215,0.0002665482007996446,9.013685744033753e-05
wanted,0.0005684668115699716,0.0004797867614393603,8.86800501306113e-05
endure,0.00017834252911999108,0.0002665482007996446,8.820567167965355e-05
grief,0.00017834252911999108,0.0002665482007996446,8.820567167965355e-05
twelve,0.00017834252911999108,0.0002665482007996446,8.820567167965355e-05
died,0.0002675137936799866,0.00035539760106619283,8.78838073862062e-05
sick,0.0002675137936799866,0.00035539760106619283,8.78838073862062e-05
answer,0.000958591094019952,0.0008707241226121724,8.786697140777966e-05
thank,0.000300953017889985,0.00021323856063971568,8.77144572502693e-05
passing,0.000300953017889985,0.00021323856063971568,8.77144572502693e-05
part,0.0006910773003399655,0.0006041759218125278,8.690137852743771e-05
kind,0.0006241988519199688,0.0007107952021323857,8.659635021241688e-05
org,0.00014490330490999275,0.00023100844069302533,8.610513578303258e-05
lip,0.00014490330490999275,0.00023100844069302533,8.610513578303258e-05
archive,0.00014490330490999275,0.00023100844069302533,8.610513578303258e-05
existence,0.00042356350665997885,0.00033762772101288314,8.59357856470957e-05
apartment,0.0002340745694699883,0.0003198578409595735,8.578327148958521e-05
fall,0.0002340745694699883,0.0003198578409595735,8.578327148958521e-05
sleep,0.0004124170985899794,0.0004975566414926699,8.51395429026905e-05
received,0.0005461739954299727,0.00046201688138605067,8.4157114043922e-05
deep,0.0005461739954299727,0.00046201688138605067,8.4157114043922e-05
imagined,0.00011146408069999443,0.00019546868058640605,8.400459988641161e-05
consequence,0.00011146408069999443,0.00019546868058640605,8.400459988641161e-05
five,0.00045700273086997714,0.00037316748111950246,8.383524975047468e-05
love,0.0016831076185699159,0.0015992892047978675,8.381841377204835e-05
age,0.0003678314663099816,0.00028431808085295425,8.351338545702737e-05
library,0.0002898066098199855,0.00037316748111950246,8.336087129951695e-05
laugh,0.00037897787437998103,0.00046201688138605067,8.303900700606964e-05
matter,0.0004681491389399766,0.0005508662816525988,8.271714271262221e-05
hair,0.0007579557487599621,0.0006752554420257663,8.270030673419577e-05
fast,0.0004904419550799755,0.0004087072412261217,8.173471385385377e-05
copyright,0.00016719612104999163,0.00024877832074633494,8.15821996963433e-05
keeping,0.00016719612104999163,0.00024877832074633494,8.15821996963433e-05
distance,0.0004012706905199799,0.0003198578409595735,8.14128495604064e-05
caught,0.00025636738560998716,0.00033762772101288314,8.126033540289599e-05
beautiful,0.0003120994259599844,0.00023100844069302533,8.109098526695905e-05
try,0.00034553865016998274,0.00042647712127943135,8.093847110944862e-05
read,0.0007913949729699604,0.0007107952021323857,8.059977083757475e-05
paragraph,0.0001337568968399933,0.00021323856063971568,7.948166379972236e-05
reflected,0.0001337568968399933,0.00021323856063971568,7.948166379972236e-05
foot,0.00034553865016998274,0.0002665482007996446,7.899044937033811e-05
four,0.0004012706905199799,0.0004797867614393603,7.851607091938039e-05
never,0.003277043972579836,0.003198578409595735,7.846556298410096e-05
glad,0.0004904419550799755,0.0005686361617059085,7.819420662593302e-05
suppose,0.0007356629326199632,0.0006574855619724567,7.817737064750652e-05
change,0.0004681491389399766,0.0003909373611728121,7.721177776716452e-05
surprise,0.00018948893718999052,0.0002665482007996446,7.70592636096541e-05
beginning,0.00018948893718999052,0.0002665482007996446,7.70592636096541e-05
mine,0.0008471270133199577,0.0009240337627721013,7.690674945214364e-05
six,0.0002786602017499861,0.00035539760106619283,7.673739931620674e-05
wrong,0.0002786602017499861,0.00035539760106619283,7.673739931620674e-05
walked,0.0003678314663099816,0.000444247001332741,7.641553502275936e-05
evening,0.0010254695424399486,0.0011017325633051976,7.626302086524901e-05
really,0.00045700273086997714,0.0005330964015992892,7.60936707293121e-05
neither,0.0006353452599899682,0.0007107952021323857,7.544994214241747e-05
features,0.0005015883631499749,0.00042647712127943135,7.511124187054355e-05
intention,0.0001560497129799922,0.00023100844069302533,7.495872771303314e-05
frequently,0.0001560497129799922,0.00023100844069302533,7.495872771303314e-05
property,0.0001560497129799922,0.00023100844069302533,7.495872771303314e-05
writing,0.0001560497129799922,0.00023100844069302533,7.495872771303314e-05
dry,0.0001560497129799922,0.00023100844069302533,7.495872771303314e-05
object,0.00024522097753998775,0.0003198578409595735,7.463686341958577e-05
follow,0.00024522097753998775,0.0003198578409595735,7.463686341958577e-05
saying,0.00032324583402998386,0.00024877832074633494,7.446751328364892e-05
gave,0.0008917126455999555,0.0008174144824522434,7.429816314771201e-05
spoke,0.0005127347712199743,0.0005864060417592181,7.367127053924376e-05
ask,0.0007133701164799643,0.000639715681919147,7.365443456081727e-05
supposed,0.00012261048876999387,0.00019546868058640605,7.285819181641217e-05
opposite,0.00012261048876999387,0.00019546868058640605,7.285819181641217e-05
away,0.0016719612104999163,0.0015992892047978675,7.267200570204883e-05
license,0.00021178175332998942,0.00028431808085295425,7.253632752296483e-05
asleep,0.00021178175332998942,0.00028431808085295425,7.253632752296483e-05
certainly,0.00035668505823998215,0.00028431808085295425,7.23669773870279e-05
parlour,0.000300953017889985,0.00037316748111950246,7.221446322951749e-05
children,0.000479295547009976,0.0005508662816525988,7.15707346426228e-05
remember,0.0005684668115699716,0.0004975566414926699,7.091017007730173e-05
hard,0.0005684668115699716,0.0004975566414926699,7.091017007730173e-05
hastened,0.00017834252911999108,0.00024877832074633494,7.043579162634386e-05
warm,0.0002675137936799866,0.00033762772101288314,7.011392733289652e-05
miles,0.000300953017889985,0.00023100844069302533,6.994457719695964e-05
wall,0.00035668505823998215,0.00042647712127943135,6.97920630394492e-05
book,0.00060190603577997,0.0005330964015992892,6.88096341806807e-05
quitted,0.00014490330490999275,0.00021323856063971568,6.833525572972292e-05
trees,0.00042356350665997885,0.00035539760106619283,6.816590559378602e-05
appearance,0.0002340745694699883,0.0003020879609062639,6.801339143627558e-05
gaze,0.0002340745694699883,0.0003020879609062639,6.801339143627558e-05
generally,0.0002340745694699883,0.0003020879609062639,6.801339143627558e-05
shook,0.00033439224209998327,0.0002665482007996446,6.784404130033865e-05
last,0.0019506214122499024,0.0018836072856508218,6.701412659908062e-05
longer,0.0005461739954299727,0.0004797867614393603,6.638723399061237e-05
state,0.00045700273086997714,0.0003909373611728121,6.606536969716505e-05
hearing,0.00020063534525998996,0.0002665482007996446,6.591285553965467e-05
shame,0.00020063534525998996,0.0002665482007996446,6.591285553965467e-05
peace,0.00020063534525998996,0.0002665482007996446,6.591285553965467e-05
putting,0.00020063534525998996,0.0002665482007996446,6.591285553965467e-05
touched,0.00020063534525998996,0.0002665482007996446,6.591285553965467e-05
key,0.00020063534525998996,0.0002665482007996446,6.591285553965467e-05
believe,0.0007579557487599621,0.000693025322079076,6.493042668088609e-05
within,0.0006687844841999665,0.0006041759218125278,6.460856238743877e-05
perceived,0.00016719612104999163,0.00023100844069302533,6.38123196430337e-05
handsome,0.0004012706905199799,0.00033762772101288314,6.364296950709677e-05
want,0.0009697375020899515,0.0009062638827187917,6.347361937115981e-05
led,0.0003120994259599844,0.00024877832074633494,6.332110521364945e-05
pity,0.00034553865016998274,0.0004087072412261217,6.316859105613898e-05
lost,0.00034553865016998274,0.0004087072412261217,6.316859105613898e-05
sitting,0.00043470991472997826,0.0004975566414926699,6.284672676269161e-05
fire,0.001359861784539932,0.0012972012438916037,6.266054064832816e-05
ran,0.0005238811792899738,0.0005864060417592181,6.252486246924424e-05
past,0.00043470991472997826,0.00037316748111950246,6.15424336104758e-05
spring,0.00022292816139998886,0.00028431808085295425,6.138991945296539e-05
evidently,0.00022292816139998886,0.00028431808085295425,6.138991945296539e-05
drew,0.0004904419550799755,0.0005508662816525988,6.042432657262333e-05
silent,0.0004681491389399766,0.0004087072412261217,5.944189771385489e-05
windows,0.00018948893718999052,0.00024877832074633494,5.928938355634442e-05
ease,0.00018948893718999052,0.00024877832074633494,5.928938355634442e-05
clothes,0.00018948893718999052,0.00024877832074633494,5.928938355634442e-05
three,0.0010366159505099482,0.0009773434029320303,5.9272547577917875e-05
first,0.0020843783090898956,0.002025766326077299,5.861198301259675e-05
things,0.0007691021568299616,0.0007107952021323857,5.8306954697575925e-05
see,0.0030875550353898456,0.0031452687694358064,5.771373404596077e-05
mother,0.0006353452599899682,0.000693025322079076,5.7680062089107784e-05
faces,0.0001560497129799922,0.00021323856063971568,5.718884765972348e-05
copy,0.0001560497129799922,0.00021323856063971568,5.718884765972348e-05
descended,0.0001560497129799922,0.00021323856063971568,5.718884765972348e-05
merely,0.0001560497129799922,0.00021323856063971568,5.718884765972348e-05
top,0.00024522097753998775,0.0003020879609062639,5.686698336627614e-05
leaving,0.00024522097753998775,0.0003020879609062639,5.686698336627614e-05
seek,0.00042356350665997885,0.0004797867614393603,5.622325477938145e-05
came,0.001939475004179903,0.0018836072856508218,5.5867718529081095e-05
laid,0.0005350275873599733,0.0004797867614393603,5.5240825920612954e-05
clock,0.0005350275873599733,0.0004797867614393603,5.5240825920612954e-05
expect,0.00021178175332998942,0.0002665482007996446,5.47664474696552e-05
secret,0.00021178175332998942,0.0002665482007996446,5.47664474696552e-05
pocket,0.00021178175332998942,0.0002665482007996446,5.47664474696552e-05
fellow,0.000300953017889985,0.00035539760106619283,5.4444583176207855e-05
impossible,0.0002675137936799866,0.00021323856063971568,5.427523304027095e-05
instantly,0.0002675137936799866,0.00021323856063971568,5.427523304027095e-05
people,0.0007468093406899626,0.0007996446023989338,5.283526170897111e-05
fond,0.00017834252911999108,0.00023100844069302533,5.266591157303426e-05
comes,0.00017834252911999108,0.00023100844069302533,5.266591157303426e-05
ordinary,0.00017834252911999108,0.00023100844069302533,5.266591157303426e-05
pursued,0.00017834252911999108,0.00023100844069302533,5.266591157303426e-05
presently,0.0003901242824499805,0.00033762772101288314,5.2496561437097354e-05
half,0.0014936186813799253,0.0015459795646379387,5.236088325801338e-05
cross,0.0002675137936799866,0.0003198578409595735,5.234404727958689e-05
discovered,0.0002675137936799866,0.0003198578409595735,5.234404727958689e-05
affection,0.000300953017889985,0.00024877832074633494,5.217469714365004e-05
steps,0.000300953017889985,0.00024877832074633494,5.217469714365004e-05
grave,0.00035668505823998215,0.0004087072412261217,5.202218298613957e-05
used,0.0005350275873599733,0.0005864060417592181,5.137845439924483e-05
lord,0.00014490330490999275,0.00019546868058640605,5.056537567641329e-05
meal,0.00014490330490999275,0.00019546868058640605,5.056537567641329e-05
retired,0.00014490330490999275,0.00019546868058640605,5.056537567641329e-05
reading,0.0002340745694699883,0.00028431808085295425,5.024351138296595e-05
broken,0.00033439224209998327,0.00028431808085295425,5.0074161247029016e-05
promise,0.00032324583402998386,0.00037316748111950246,4.9921647089518604e-05
expressed,0.00024522097753998775,0.00019546868058640605,4.97522969535817e-05
forced,0.00024522097753998775,0.00019546868058640605,4.97522969535817e-05
mind,0.001382154600679931,0.0013327410039982231,4.941359668170784e-05
therefore,0.00020063534525998996,0.00024877832074633494,4.814297548634498e-05
interest,0.0003678314663099816,0.0003198578409595735,4.7973625350408104e-05
watch,0.0003678314663099816,0.0003198578409595735,4.7973625350408104e-05
cut,0.0002898066098199855,0.00033762772101288314,4.782111119289764e-05
fetch,0.0002786602017499861,0.00023100844069302533,4.765176105696076e-05
shoulder,0.0002786602017499861,0.00023100844069302533,4.765176105696076e-05
taking,0.00037897787437998103,0.00042647712127943135,4.749924689945032e-05
hundred,0.00016719612104999163,0.00021323856063971568,4.604243958972404e-05
accompany,0.00016719612104999163,0.00021323856063971568,4.604243958972404e-05
locked,0.00016719612104999163,0.00021323856063971568,4.604243958972404e-05
manner,0.00043470991472997826,0.0004797867614393603,4.507684670938204e-05
shut,0.0005238811792899738,0.0005686361617059085,4.4754982415934666e-05
fell,0.0006130524438499694,0.0005686361617059085,4.441628214406086e-05
carried,0.00022292816139998886,0.0002665482007996446,4.362003939965576e-05
side,0.0009697375020899515,0.0010128831630386494,4.3145660948697975e-05
anything,0.0006687844841999665,0.0007107952021323857,4.201071793241912e-05
return,0.0007579557487599621,0.0007996446023989338,4.1688853638971696e-05
spent,0.00018948893718999052,0.00023100844069302533,4.151950350303482e-05
sudden,0.00018948893718999052,0.00023100844069302533,4.151950350303482e-05
went,0.0016050827620799196,0.0015637494446912484,4.1333317388671286e-05
touch,0.0002786602017499861,0.0003198578409595735,4.119763920958742e-05
bitter,0.0002786602017499861,0.0003198578409595735,4.119763920958742e-05
tale,0.0002898066098199855,0.00024877832074633494,4.102828907365057e-05
year,0.0002898066098199855,0.00024877832074633494,4.102828907365057e-05
sister,0.0003678314663099816,0.0004087072412261217,4.0875774916140104e-05
looks,0.00024522097753998775,0.00028431808085295425,3.909710331296651e-05
lifted,0.00032324583402998386,0.00028431808085295425,3.89277531770296e-05
free,0.00033439224209998327,0.00037316748111950246,3.877523901951919e-05
need,0.00042356350665997885,0.00046201688138605067,3.845337472607182e-05
rather,0.0013710081926099314,0.0013327410039982231,3.8267188611708315e-05
made,0.0018503037396199074,0.0018125277654375833,3.7775974182324094e-05
candle,0.0005350275873599733,0.0004975566414926699,3.747094586730338e-05
obeyed,0.00021178175332998942,0.00024877832074633494,3.6996567416345514e-05
piece,0.00021178175332998942,0.00024877832074633494,3.6996567416345514e-05
spirits,0.00021178175332998942,0.00024877832074633494,3.6996567416345514e-05
kiss,0.0002675137936799866,0.00023100844069302533,3.650535298696129e-05
draw,0.0002675137936799866,0.00023100844069302533,3.650535298696129e-05
seem,0.0002675137936799866,0.00023100844069302533,3.650535298696129e-05
likely,0.0002675137936799866,0.00023100844069302533,3.650535298696129e-05
feet,0.000479295547009976,0.000444247001332741,3.504854567723504e-05
better,0.0014044474168199298,0.0014393602843180808,3.491286749815101e-05
fastened,0.00017834252911999108,0.00021323856063971568,3.48960315197246e-05
fact,0.00017834252911999108,0.00021323856063971568,3.48960315197246e-05
stir,0.00017834252911999108,0.00021323856063971568,3.48960315197246e-05
truth,0.0003901242824499805,0.00035539760106619283,3.472668138378767e-05
pride,0.0002675137936799866,0.0003020879609062639,3.457416722627726e-05
showed,0.000300953017889985,0.0002665482007996446,3.440481709034035e-05
offered,0.000300953017889985,0.0002665482007996446,3.440481709034035e-05
frame,0.000300953017889985,0.0002665482007996446,3.440481709034035e-05
society,0.000300953017889985,0.0002665482007996446,3.440481709034035e-05
table,0.000780248564899961,0.0007463349622390049,3.391360266095608e-05
true,0.00042356350665997885,0.0003909373611728121,3.262614548716676e-05
getting,0.0002340745694699883,0.0002665482007996446,3.247363132965632e-05
dared,0.00033439224209998327,0.0003020879609062639,3.2304281193719386e-05
forward,0.00032324583402998386,0.00035539760106619283,3.2151767036208974e-05
tired,0.00032324583402998386,0.00035539760106619283,3.2151767036208974e-05
courage,0.00024522097753998775,0.00021323856063971568,3.198241690027207e-05
dreary,0.00020063534525998996,0.00023100844069302533,3.0373095433035378e-05
receive,0.00020063534525998996,0.00023100844069302533,3.0373095433035378e-05
heath,0.00020063534525998996,0.00023100844069302533,3.0373095433035378e-05
red,0.0003678314663099816,0.00033762772101288314,3.0203745297098473e-05
moor,0.0002898066098199855,0.0003198578409595735,3.0051231139588007e-05
presence,0.0004681491389399766,0.0004975566414926699,2.9407502552693265e-05
dinner,0.0004012706905199799,0.00037316748111950246,2.8103209400477452e-05
man,0.0016273755782199187,0.0015992892047978675,2.8086373422051177e-05
comfort,0.00025636738560998716,0.00028431808085295425,2.7950695242967094e-05
listened,0.00025636738560998716,0.00028431808085295425,2.7950695242967094e-05
able,0.00025636738560998716,0.00028431808085295425,2.7950695242967094e-05
always,0.0009697375020899515,0.0009418036428254109,2.7933859264540548e-05
put,0.0015382043136599232,0.0015104398045313193,2.776450912860386e-05
probably,0.00043470991472997826,0.00046201688138605067,2.7306966656072407e-05
break,0.00022292816139998886,0.00024877832074633494,2.5850159346346073e-05
resumed,0.00022292816139998886,0.00024877832074633494,2.5850159346346073e-05
middle,0.00022292816139998886,0.00024877832074633494,2.5850159346346073e-05
learn,0.00022292816139998886,0.00024877832074633494,2.5850159346346073e-05
supper,0.00022292816139998886,0.00024877832074633494,2.5850159346346073e-05
wide,0.00025636738560998716,0.00023100844069302533,2.5358944916961825e-05
waiting,0.00025636738560998716,0.00023100844069302533,2.5358944916961825e-05
e,0.0004012706905199799,0.00042647712127943135,2.520643075945144e-05
wonder,0.0004012706905199799,0.00042647712127943135,2.520643075945144e-05
look,0.0017165468427799142,0.0017414482452243448,2.490140244443056e-05
scarcely,0.0004904419550799755,0.0005153265215459796,2.488456646600407e-05
business,0.0004681491389399766,0.000444247001332741,2.3902137607235627e-05
news,0.00018948893718999052,0.00021323856063971568,2.374962344972516e-05
safe,0.00018948893718999052,0.00021323856063971568,2.374962344972516e-05
approach,0.00018948893718999052,0.00021323856063971568,2.374962344972516e-05
noticed,0.00018948893718999052,0.00021323856063971568,2.374962344972516e-05
teach,0.00018948893718999052,0.00021323856063971568,2.374962344972516e-05
passion,0.0002786602017499861,0.0003020879609062639,2.342775915627779e-05
daughter,0.0002786602017499861,0.0003020879609062639,2.342775915627779e-05
moved,0.0002786602017499861,0.0003020879609062639,2.342775915627779e-05
act,0.0002786602017499861,0.0003020879609062639,2.342775915627779e-05
stone,0.0002898066098199855,0.0002665482007996446,2.3258409020340885e-05
weeks,0.0002898066098199855,0.0002665482007996446,2.3258409020340885e-05
eyes,0.0020843783090898956,0.0020613060861839182,2.307222290597738e-05
lay,0.0007691021568299616,0.0007463349622390049,2.2767194590956664e-05
dare,0.00032324583402998386,0.0003020879609062639,2.1157873123719972e-05
ground,0.00033439224209998327,0.00035539760106619283,2.100535896620956e-05
knows,0.0002340745694699883,0.00021323856063971568,2.083600883027263e-05
common,0.0002340745694699883,0.00021323856063971568,2.083600883027263e-05
kissed,0.00021178175332998942,0.00023100844069302533,1.922668736303591e-05
move,0.00021178175332998942,0.00023100844069302533,1.922668736303591e-05
noise,0.00021178175332998942,0.00023100844069302533,1.922668736303591e-05
loved,0.0003901242824499805,0.0004087072412261217,1.8582958776141223e-05
standing,0.0002675137936799866,0.00028431808085295425,1.6804287172967627e-05
gathered,0.0002675137936799866,0.00028431808085295425,1.6804287172967627e-05
green,0.000300953017889985,0.00028431808085295425,1.6634937037030722e-05
running,0.0002340745694699883,0.00024877832074633494,1.4703751276346633e-05
right,0.0009920303182299505,0.0009773434029320303,1.4686915297920222e-05
gazed,0.00024522097753998775,0.00023100844069302533,1.4212536846962411e-05
seat,0.0005015883631499749,0.0005153265215459796,1.3738158396004656e-05
leave,0.00120381207155994,0.0011905819635717458,1.323010798819405e-05
none,0.00045700273086997714,0.000444247001332741,1.2755729537236159e-05
village,0.00020063534525998996,0.00021323856063971568,1.260321537972572e-05
danger,0.00020063534525998996,0.00021323856063971568,1.260321537972572e-05
weary,0.00020063534525998996,0.00021323856063971568,1.260321537972572e-05
explain,0.00020063534525998996,0.00021323856063971568,1.260321537972572e-05
week,0.0003678314663099816,0.00035539760106619283,1.2433865243788788e-05
letter,0.0003678314663099816,0.00035539760106619283,1.2433865243788788e-05
resolved,0.0002898066098199855,0.0003020879609062639,1.2281351086278376e-05
sad,0.0002898066098199855,0.0003020879609062639,1.2281351086278376e-05
met,0.0002786602017499861,0.0002665482007996446,1.2112000950341472e-05
knee,0.0002786602017499861,0.0002665482007996446,1.2112000950341472e-05
stranger,0.00037897787437998103,0.0003909373611728121,1.195948679283106e-05
late,0.0004681491389399766,0.0004797867614393603,1.1637622499383689e-05
appeared,0.0006464916680599677,0.0006574855619724567,1.0993893912489001e-05
sent,0.0004904419550799755,0.0004797867614393603,1.0655193640615192e-05
servants,0.0004012706905199799,0.0003909373611728121,1.0333329347167821e-05
information,0.00025636738560998716,0.0002665482007996446,1.0180815189657464e-05
born,0.00022292816139998886,0.00021323856063971568,9.689600760273188e-06
space,0.00022292816139998886,0.00021323856063971568,9.689600760273188e-06
covered,0.00022292816139998886,0.00021323856063971568,9.689600760273188e-06
formed,0.00022292816139998886,0.00021323856063971568,9.689600760273188e-06
blood,0.00043470991472997826,0.000444247001332741,9.537086602762722e-06
afternoon,0.00043470991472997826,0.000444247001332741,9.537086602762722e-06
struck,0.0005238811792899738,0.0005330964015992892,9.215222309315405e-06
fear,0.0007022237084099649,0.000693025322079076,9.198386330888913e-06
spirit,0.0005238811792899738,0.0005153265215459796,8.55465774399428e-06
child,0.0010031767262999498,0.0009951132829853397,8.063443314610058e-06
play,0.00025636738560998716,0.00024877832074633494,7.589064863652221e-06
talking,0.00025636738560998716,0.00024877832074633494,7.589064863652221e-06
acquaintance,0.00018948893718999052,0.00019546868058640605,5.97974339641553e-06
eat,0.0002898066098199855,0.00028431808085295425,5.4885289670312544e-06
thinking,0.0002898066098199855,0.00028431808085295425,5.4885289670312544e-06
sight,0.0003678314663099816,0.00037316748111950246,5.336014809520842e-06
closed,0.0004124170985899794,0.0004087072412261217,3.7098573638576584e-06
cheek,0.00033439224209998327,0.00033762772101288314,3.2354789128998755e-06
regard,0.00021178175332998942,0.00021323856063971568,1.4568073097262523e-06
wishes,0.00021178175332998942,0.00021323856063971568,1.4568073097262523e-06
alive,0.00021178175332998942,0.00021323856063971568,1.4568073097262523e-06
possessed,0.00021178175332998942,0.00021323856063971568,1.4568073097262523e-06
attention,0.0002675137936799866,0.0002665482007996446,9.65592880342004e-07
friends,0.0003901242824499805,0.0003909373611728121,8.13078722831592e-07
added,0.000479295547009976,0.0004797867614393603,4.912144293842753e-07
