Most common words,Absolute frequency,Relative frequency
one,597.0,0.006654405617789667
said,584.0,0.006509502312879675
mr,544.0,0.0060636459900796965
could,506.0,0.005640082483419718
like,401.0,0.004469709636069776
rochester,366.0,0.004079585353619796
jane,351.0,0.003912389232569804
well,348.0,0.003878950008359806
little,341.0,0.00380092515186981
must,316.0,0.0035222649501198237
sir,315.0,0.0035111185420498244
miss,310.0,0.003455386501699827
never,294.0,0.003277043972579836
see,277.0,0.0030875550353898456
room,263.0,0.0029315053224098536
thought,255.0,0.002842334057849858
mrs,252.0,0.0028088948336398595
long,249.0,0.002775455609429861
go,249.0,0.002775455609429861
yet,247.0,0.002753162793289862
still,246.0,0.002742016385219863
time,244.0,0.002719723569079864
shall,239.0,0.002663991528729867
day,237.0,0.002641698712589868
good,236.0,0.0026305523045198685
know,229.0,0.0025525274480298725
come,224.0,0.002496795407679875
night,222.0,0.002474502591539876
looked,221.0,0.0024633561834698768
think,219.0,0.002441063367329878
seemed,210.0,0.002340745694699883
much,209.0,0.0023295992866298834
john,202.0,0.0022515744301398874
yes,202.0,0.0022515744301398874
say,200.0,0.0022292816139998888
two,198.0,0.0022069887978598897
face,192.0,0.002140110349439893
first,187.0,0.0020843783090898956
eyes,187.0,0.0020843783090898956
saw,186.0,0.0020732319010198963
hand,183.0,0.002039792676809898
door,183.0,0.002039792676809898
house,182.0,0.0020286462687398987
heard,180.0,0.0020063534525998996
heart,176.0,0.001961767820319902
last,175.0,0.0019506214122499024
came,174.0,0.001939475004179903
made,166.0,0.0018503037396199074
nothing,166.0,0.0018503037396199074
felt,162.0,0.0018057181073399097
life,162.0,0.0018057181073399097
might,161.0,0.0017945716992699102
may,160.0,0.001783425291199911
ever,160.0,0.001783425291199911
asked,155.0,0.0017276932508499135
look,154.0,0.0017165468427799142
soon,153.0,0.0017054004347099147
make,152.0,0.0016942540266399154
take,152.0,0.0016942540266399154
love,151.0,0.0016831076185699159
away,150.0,0.0016719612104999163
way,150.0,0.0016719612104999163
tell,149.0,0.001660814802429917
without,149.0,0.001660814802429917
man,146.0,0.0016273755782199187
went,144.0,0.0016050827620799196
left,143.0,0.0015939363540099203
quite,141.0,0.0015716435378699215
put,138.0,0.0015382043136599232
cannot,137.0,0.0015270579055899236
st,137.0,0.0015270579055899236
fairfax,137.0,0.0015270579055899236
something,136.0,0.0015159114975199241
head,136.0,0.0015159114975199241
though,135.0,0.0015047650894499248
back,135.0,0.0015047650894499248
adele,135.0,0.0015047650894499248
let,134.0,0.0014936186813799253
half,134.0,0.0014936186813799253
give,133.0,0.0014824722733099258
bessie,131.0,0.001460179457169927
near,131.0,0.001460179457169927
found,129.0,0.0014378866410299281
reed,129.0,0.0014378866410299281
hour,128.0,0.0014267402329599286
us,127.0,0.0014155938248899293
better,126.0,0.0014044474168199298
voice,124.0,0.001382154600679931
mind,124.0,0.001382154600679931
stood,124.0,0.001382154600679931
rather,123.0,0.0013710081926099314
took,123.0,0.0013710081926099314
fire,122.0,0.001359861784539932
even,122.0,0.001359861784539932
morning,121.0,0.0013487153764699326
great,119.0,0.0013264225603299338
old,119.0,0.0013264225603299338
far,118.0,0.0013152761522599342
eye,117.0,0.0013041297441899347
round,116.0,0.0012929833361199354
another,114.0,0.0012706905199799364
oh,114.0,0.0012706905199799364
indeed,113.0,0.001259544111909937
knew,112.0,0.0012483977038399376
new,112.0,0.0012483977038399376
till,112.0,0.0012483977038399376
god,110.0,0.0012261048876999387
moment,110.0,0.0012261048876999387
place,108.0,0.00120381207155994
leave,108.0,0.00120381207155994
enough,107.0,0.0011926656634899404
eyre,106.0,0.0011815192554199409
wish,106.0,0.0011815192554199409
words,105.0,0.0011703728473499416
sat,105.0,0.0011703728473499416
hall,105.0,0.0011703728473499416
perhaps,104.0,0.001159226439279942
every,104.0,0.001159226439279942
work,101.0,0.0011257872150699437
got,101.0,0.0011257872150699437
almost,100.0,0.0011146408069999444
master,100.0,0.0011146408069999444
looking,100.0,0.0011146408069999444
thornfield,100.0,0.0011146408069999444
turned,98.0,0.0010923479908599453
lady,98.0,0.0010923479908599453
sure,97.0,0.001081201582789946
strange,97.0,0.001081201582789946
light,97.0,0.001081201582789946
gutenberg,96.0,0.0010700551747199465
rose,96.0,0.0010700551747199465
mary,96.0,0.0010700551747199465
dark,95.0,0.001058908766649947
full,95.0,0.001058908766649947
passed,94.0,0.0010477623585799477
woman,94.0,0.0010477623585799477
three,93.0,0.0010366159505099482
evening,92.0,0.0010254695424399486
get,92.0,0.0010254695424399486
child,90.0,0.0010031767262999498
ingram,90.0,0.0010031767262999498
right,89.0,0.0009920303182299505
hear,89.0,0.0009920303182299505
project,88.0,0.000980883910159951
want,87.0,0.0009697375020899515
school,87.0,0.0009697375020899515
always,87.0,0.0009697375020899515
feel,87.0,0.0009697375020899515
side,87.0,0.0009697375020899515
word,86.0,0.000958591094019952
answer,86.0,0.000958591094019952
bed,86.0,0.000958591094019952
black,84.0,0.0009362982778799532
years,84.0,0.0009362982778799532
told,83.0,0.0009251518698099537
girl,83.0,0.0009251518698099537
cold,82.0,0.0009140054617399543
speak,82.0,0.0009140054617399543
name,82.0,0.0009140054617399543
young,81.0,0.0009028590536699549
gave,80.0,0.0008917126455999555
world,80.0,0.0008917126455999555
home,80.0,0.0008917126455999555
called,80.0,0.0008917126455999555
nature,79.0,0.0008805662375299559
whether,78.0,0.0008694198294599565
ladies,78.0,0.0008694198294599565
since,77.0,0.0008582734213899571
window,77.0,0.0008582734213899571
done,76.0,0.0008471270133199577
thing,76.0,0.0008471270133199577
continued,76.0,0.0008471270133199577
mine,76.0,0.0008471270133199577
hands,76.0,0.0008471270133199577
find,76.0,0.0008471270133199577
hope,76.0,0.0008471270133199577
diana,76.0,0.0008471270133199577
alone,75.0,0.0008359806052499582
minutes,75.0,0.0008359806052499582
answered,75.0,0.0008359806052499582
seen,75.0,0.0008359806052499582
keep,74.0,0.0008248341971799588
wife,74.0,0.0008248341971799588
certain,73.0,0.0008136877891099593
white,73.0,0.0008136877891099593
low,73.0,0.0008136877891099593
least,72.0,0.0008025413810399598
pleasure,72.0,0.0008025413810399598
days,71.0,0.0007913949729699604
wished,71.0,0.0007913949729699604
read,71.0,0.0007913949729699604
sort,71.0,0.0007913949729699604
going,71.0,0.0007913949729699604
often,70.0,0.000780248564899961
sometimes,70.0,0.000780248564899961
table,70.0,0.000780248564899961
many,70.0,0.000780248564899961
open,70.0,0.000780248564899961
things,69.0,0.0007691021568299616
lay,69.0,0.0007691021568299616
course,69.0,0.0007691021568299616
set,68.0,0.0007579557487599621
thus,68.0,0.0007579557487599621
brought,68.0,0.0007579557487599621
besides,68.0,0.0007579557487599621
hair,68.0,0.0007579557487599621
believe,68.0,0.0007579557487599621
return,68.0,0.0007579557487599621
large,67.0,0.0007468093406899626
live,67.0,0.0007468093406899626
feeling,67.0,0.0007468093406899626
people,67.0,0.0007468093406899626
whose,66.0,0.0007356629326199632
returned,66.0,0.0007356629326199632
either,66.0,0.0007356629326199632
chair,66.0,0.0007356629326199632
however,66.0,0.0007356629326199632
gone,66.0,0.0007356629326199632
suppose,66.0,0.0007356629326199632
poor,66.0,0.0007356629326199632
rest,66.0,0.0007356629326199632
present,65.0,0.0007245165245499638
temple,65.0,0.0007245165245499638
opened,64.0,0.0007133701164799643
given,64.0,0.0007133701164799643
ask,64.0,0.0007133701164799643
talk,63.0,0.0007022237084099649
fear,63.0,0.0007022237084099649
helen,63.0,0.0007022237084099649
doubt,62.0,0.0006910773003399655
taken,62.0,0.0006910773003399655
part,62.0,0.0006910773003399655
best,62.0,0.0006910773003399655
lips,62.0,0.0006910773003399655
sit,61.0,0.000679930892269966
silence,61.0,0.000679930892269966
mason,61.0,0.000679930892269966
anything,60.0,0.0006687844841999665
entered,60.0,0.0006687844841999665
air,60.0,0.0006687844841999665
within,60.0,0.0006687844841999665
high,59.0,0.0006576380761299671
wild,59.0,0.0006576380761299671
sense,58.0,0.0006464916680599677
turn,58.0,0.0006464916680599677
quiet,58.0,0.0006464916680599677
appeared,58.0,0.0006464916680599677
fine,58.0,0.0006464916680599677
end,58.0,0.0006464916680599677
neither,57.0,0.0006353452599899682
behind,57.0,0.0006353452599899682
cried,57.0,0.0006353452599899682
mother,57.0,0.0006353452599899682
towards,57.0,0.0006353452599899682
water,57.0,0.0006353452599899682
tm,57.0,0.0006353452599899682
death,56.0,0.0006241988519199688
father,56.0,0.0006241988519199688
followed,56.0,0.0006241988519199688
kind,56.0,0.0006241988519199688
brocklehurst,56.0,0.0006241988519199688
liked,55.0,0.0006130524438499694
pale,55.0,0.0006130524438499694
fell,55.0,0.0006130524438499694
lowood,55.0,0.0006130524438499694
rivers,55.0,0.0006130524438499694
happy,54.0,0.00060190603577997
book,54.0,0.00060190603577997
arms,54.0,0.00060190603577997
dead,54.0,0.00060190603577997
stay,54.0,0.00060190603577997
married,54.0,0.00060190603577997
strong,54.0,0.00060190603577997
already,53.0,0.0005907596277099704
care,53.0,0.0005907596277099704
began,53.0,0.0005907596277099704
mean,52.0,0.000579613219639971
walk,52.0,0.000579613219639971
close,52.0,0.000579613219639971
person,52.0,0.000579613219639971
upon,51.0,0.0005684668115699716
remember,51.0,0.0005684668115699716
hard,51.0,0.0005684668115699716
wanted,51.0,0.0005684668115699716
point,51.0,0.0005684668115699716
idea,50.0,0.0005573204034999722
whole,50.0,0.0005573204034999722
second,49.0,0.0005461739954299727
deep,49.0,0.0005461739954299727
step,49.0,0.0005461739954299727
received,49.0,0.0005461739954299727
kept,49.0,0.0005461739954299727
sound,49.0,0.0005461739954299727
longer,49.0,0.0005461739954299727
next,49.0,0.0005461739954299727
grace,49.0,0.0005461739954299727
marry,49.0,0.0005461739954299727
character,48.0,0.0005350275873599733
power,48.0,0.0005350275873599733
wind,48.0,0.0005350275873599733
question,48.0,0.0005350275873599733
feelings,48.0,0.0005350275873599733
laid,48.0,0.0005350275873599733
clock,48.0,0.0005350275873599733
candle,48.0,0.0005350275873599733
used,48.0,0.0005350275873599733
small,47.0,0.0005238811792899738
drawing,47.0,0.0005238811792899738
shut,47.0,0.0005238811792899738
sisters,47.0,0.0005238811792899738
struck,47.0,0.0005238811792899738
ran,47.0,0.0005238811792899738
spirit,47.0,0.0005238811792899738
smile,47.0,0.0005238811792899738
short,47.0,0.0005238811792899738
human,46.0,0.0005127347712199743
stopped,46.0,0.0005127347712199743
coming,46.0,0.0005127347712199743
less,46.0,0.0005127347712199743
become,46.0,0.0005127347712199743
together,46.0,0.0005127347712199743
spoke,46.0,0.0005127347712199743
1,46.0,0.0005127347712199743
gentlemen,45.0,0.0005015883631499749
pass,45.0,0.0005015883631499749
chapter,45.0,0.0005015883631499749
seat,45.0,0.0005015883631499749
brother,45.0,0.0005015883631499749
sweet,45.0,0.0005015883631499749
features,45.0,0.0005015883631499749
thoughts,45.0,0.0005015883631499749
glad,44.0,0.0004904419550799755
georgiana,44.0,0.0004904419550799755
drew,44.0,0.0004904419550799755
arm,44.0,0.0004904419550799755
sent,44.0,0.0004904419550799755
scarcely,44.0,0.0004904419550799755
church,44.0,0.0004904419550799755
exclaimed,44.0,0.0004904419550799755
order,44.0,0.0004904419550799755
sought,44.0,0.0004904419550799755
forget,44.0,0.0004904419550799755
road,44.0,0.0004904419550799755
held,44.0,0.0004904419550799755
fast,44.0,0.0004904419550799755
children,43.0,0.000479295547009976
feet,43.0,0.000479295547009976
moon,43.0,0.000479295547009976
added,43.0,0.000479295547009976
gateshead,43.0,0.000479295547009976
call,43.0,0.000479295547009976
beyond,43.0,0.000479295547009976
sky,43.0,0.000479295547009976
silent,42.0,0.0004681491389399766
presence,42.0,0.0004681491389399766
business,42.0,0.0004681491389399766
matter,42.0,0.0004681491389399766
late,42.0,0.0004681491389399766
strength,42.0,0.0004681491389399766
help,42.0,0.0004681491389399766
change,42.0,0.0004681491389399766
tone,42.0,0.0004681491389399766
bread,42.0,0.0004681491389399766
girls,42.0,0.0004681491389399766
form,42.0,0.0004681491389399766
none,41.0,0.00045700273086997714
self,41.0,0.00045700273086997714
really,41.0,0.00045700273086997714
clear,41.0,0.00045700273086997714
french,41.0,0.00045700273086997714
ere,41.0,0.00045700273086997714
chamber,41.0,0.00045700273086997714
state,41.0,0.00045700273086997714
glance,41.0,0.00045700273086997714
please,41.0,0.00045700273086997714
soul,41.0,0.00045700273086997714
five,41.0,0.00045700273086997714
bright,40.0,0.00044585632279997773
bear,40.0,0.00044585632279997773
breakfast,40.0,0.00044585632279997773
glass,40.0,0.00044585632279997773
ago,40.0,0.00044585632279997773
wood,40.0,0.00044585632279997773
hannah,40.0,0.00044585632279997773
probably,39.0,0.00043470991472997826
amongst,39.0,0.00043470991472997826
reader,39.0,0.00043470991472997826
mere,39.0,0.00043470991472997826
manner,39.0,0.00043470991472997826
afternoon,39.0,0.00043470991472997826
blood,39.0,0.00043470991472997826
gentleman,39.0,0.00043470991472997826
past,39.0,0.00043470991472997826
family,39.0,0.00043470991472997826
sitting,39.0,0.00043470991472997826
dressed,39.0,0.00043470991472997826
england,39.0,0.00043470991472997826
expected,39.0,0.00043470991472997826
lived,39.0,0.00043470991472997826
front,39.0,0.00043470991472997826
trees,38.0,0.00042356350665997885
existence,38.0,0.00042356350665997885
die,38.0,0.00042356350665997885
conversation,38.0,0.00042356350665997885
true,38.0,0.00042356350665997885
seek,38.0,0.00042356350665997885
trouble,38.0,0.00042356350665997885
tall,38.0,0.00042356350665997885
need,38.0,0.00042356350665997885
fair,37.0,0.0004124170985899794
works,37.0,0.0004124170985899794
ten,37.0,0.0004124170985899794
ought,37.0,0.0004124170985899794
closed,37.0,0.0004124170985899794
reply,37.0,0.0004124170985899794
soft,37.0,0.0004124170985899794
filled,37.0,0.0004124170985899794
sleep,37.0,0.0004124170985899794
usual,37.0,0.0004124170985899794
hours,37.0,0.0004124170985899794
dress,37.0,0.0004124170985899794
tea,37.0,0.0004124170985899794
hardly,37.0,0.0004124170985899794
ear,36.0,0.0004012706905199799
e,36.0,0.0004012706905199799
bell,36.0,0.0004012706905199799
dinner,36.0,0.0004012706905199799
distance,36.0,0.0004012706905199799
speaking,36.0,0.0004012706905199799
four,36.0,0.0004012706905199799
servants,36.0,0.0004012706905199799
wonder,36.0,0.0004012706905199799
servant,36.0,0.0004012706905199799
handsome,36.0,0.0004012706905199799
blue,36.0,0.0004012706905199799
living,36.0,0.0004012706905199799
use,35.0,0.0003901242824499805
truth,35.0,0.0003901242824499805
rain,35.0,0.0003901242824499805
presently,35.0,0.0003901242824499805
also,35.0,0.0003901242824499805
husband,35.0,0.0003901242824499805
afraid,35.0,0.0003901242824499805
friends,35.0,0.0003901242824499805
loved,35.0,0.0003901242824499805
different,35.0,0.0003901242824499805
dream,35.0,0.0003901242824499805
bent,35.0,0.0003901242824499805
case,35.0,0.0003901242824499805
fortune,35.0,0.0003901242824499805
aid,34.0,0.00037897787437998103
men,34.0,0.00037897787437998103
stranger,34.0,0.00037897787437998103
bad,34.0,0.00037897787437998103
taking,34.0,0.00037897787437998103
money,34.0,0.00037897787437998103
send,34.0,0.00037897787437998103
kitchen,34.0,0.00037897787437998103
placed,34.0,0.00037897787437998103
quietly,34.0,0.00037897787437998103
watched,34.0,0.00037897787437998103
listen,34.0,0.00037897787437998103
twenty,34.0,0.00037897787437998103
laugh,34.0,0.00037897787437998103
future,33.0,0.0003678314663099816
red,33.0,0.0003678314663099816
age,33.0,0.0003678314663099816
week,33.0,0.0003678314663099816
deal,33.0,0.0003678314663099816
suddenly,33.0,0.0003678314663099816
pleasant,33.0,0.0003678314663099816
interest,33.0,0.0003678314663099816
sister,33.0,0.0003678314663099816
tears,33.0,0.0003678314663099816
calm,33.0,0.0003678314663099816
watch,33.0,0.0003678314663099816
heaven,33.0,0.0003678314663099816
sight,33.0,0.0003678314663099816
letter,33.0,0.0003678314663099816
brow,33.0,0.0003678314663099816
walked,33.0,0.0003678314663099816
meet,33.0,0.0003678314663099816
schoolroom,33.0,0.0003678314663099816
rising,33.0,0.0003678314663099816
approached,33.0,0.0003678314663099816
plain,32.0,0.00035668505823998215
nurse,32.0,0.00035668505823998215
mama,32.0,0.00035668505823998215
scene,32.0,0.00035668505823998215
wall,32.0,0.00035668505823998215
certainly,32.0,0.00035668505823998215
rise,32.0,0.00035668505823998215
grave,32.0,0.00035668505823998215
flowers,32.0,0.00035668505823998215
garden,32.0,0.00035668505823998215
replied,32.0,0.00035668505823998215
sun,32.0,0.00035668505823998215
morrow,32.0,0.00035668505823998215
burns,32.0,0.00035668505823998215
horse,32.0,0.00035668505823998215
rich,32.0,0.00035668505823998215
governess,32.0,0.00035668505823998215
poole,32.0,0.00035668505823998215
narrow,31.0,0.00034553865016998274
curtain,31.0,0.00034553865016998274
subject,31.0,0.00034553865016998274
try,31.0,0.00034553865016998274
foot,31.0,0.00034553865016998274
carriage,31.0,0.00034553865016998274
beauty,31.0,0.00034553865016998274
pity,31.0,0.00034553865016998274
effort,31.0,0.00034553865016998274
c,31.0,0.00034553865016998274
ready,31.0,0.00034553865016998274
others,31.0,0.00034553865016998274
forehead,31.0,0.00034553865016998274
countenance,31.0,0.00034553865016998274
lost,31.0,0.00034553865016998274
terms,30.0,0.00033439224209998327
third,30.0,0.00033439224209998327
eliza,30.0,0.00033439224209998327
natural,30.0,0.00033439224209998327
broken,30.0,0.00033439224209998327
feared,30.0,0.00033439224209998327
times,30.0,0.00033439224209998327
flesh,30.0,0.00033439224209998327
somewhat,30.0,0.00033439224209998327
known,30.0,0.00033439224209998327
dared,30.0,0.00033439224209998327
else,30.0,0.00033439224209998327
real,30.0,0.00033439224209998327
delight,30.0,0.00033439224209998327
broke,30.0,0.00033439224209998327
shook,30.0,0.00033439224209998327
along,30.0,0.00033439224209998327
ill,30.0,0.00033439224209998327
became,30.0,0.00033439224209998327
cheek,30.0,0.00033439224209998327
ground,30.0,0.00033439224209998327
months,30.0,0.00033439224209998327
observed,30.0,0.00033439224209998327
understand,30.0,0.00033439224209998327
gallery,30.0,0.00033439224209998327
offer,30.0,0.00033439224209998327
free,30.0,0.00033439224209998327
oliver,30.0,0.00033439224209998327
books,29.0,0.00032324583402998386
whatever,29.0,0.00032324583402998386
show,29.0,0.00032324583402998386
saying,29.0,0.00032324583402998386
nursery,29.0,0.00032324583402998386
dear,29.0,0.00032324583402998386
promise,29.0,0.00032324583402998386
dare,29.0,0.00032324583402998386
lifted,29.0,0.00032324583402998386
means,29.0,0.00032324583402998386
tired,29.0,0.00032324583402998386
forward,29.0,0.00032324583402998386
proceeded,29.0,0.00032324583402998386
smiled,29.0,0.00032324583402998386
pure,29.0,0.00032324583402998386
marriage,29.0,0.00032324583402998386
millcote,29.0,0.00032324583402998386
eshton,29.0,0.00032324583402998386
dent,29.0,0.00032324583402998386
language,28.0,0.0003120994259599844
earth,28.0,0.0003120994259599844
hearth,28.0,0.0003120994259599844
upstairs,28.0,0.0003120994259599844
hold,28.0,0.0003120994259599844
led,28.0,0.0003120994259599844
grey,28.0,0.0003120994259599844
friend,28.0,0.0003120994259599844
beautiful,28.0,0.0003120994259599844
task,28.0,0.0003120994259599844
thank,27.0,0.000300953017889985
walls,27.0,0.000300953017889985
clean,27.0,0.000300953017889985
hate,27.0,0.000300953017889985
society,27.0,0.000300953017889985
company,27.0,0.000300953017889985
nearly,27.0,0.000300953017889985
offered,27.0,0.000300953017889985
account,27.0,0.000300953017889985
miles,27.0,0.000300953017889985
affection,27.0,0.000300953017889985
fellow,27.0,0.000300953017889985
grew,27.0,0.000300953017889985
uncle,27.0,0.000300953017889985
steps,27.0,0.000300953017889985
passing,27.0,0.000300953017889985
frame,27.0,0.000300953017889985
parlour,27.0,0.000300953017889985
showed,27.0,0.000300953017889985
happened,27.0,0.000300953017889985
hill,27.0,0.000300953017889985
green,27.0,0.000300953017889985
leah,27.0,0.000300953017889985
sophie,27.0,0.000300953017889985
electronic,27.0,0.000300953017889985
tale,26.0,0.0002898066098199855
thinking,26.0,0.0002898066098199855
wet,26.0,0.0002898066098199855
picture,26.0,0.0002898066098199855
paused,26.0,0.0002898066098199855
stand,26.0,0.0002898066098199855
blind,26.0,0.0002898066098199855
says,26.0,0.0002898066098199855
eat,26.0,0.0002898066098199855
cut,26.0,0.0002898066098199855
resolved,26.0,0.0002898066098199855
stone,26.0,0.0002898066098199855
tried,26.0,0.0002898066098199855
dog,26.0,0.0002898066098199855
library,26.0,0.0002898066098199855
sad,26.0,0.0002898066098199855
bonnet,26.0,0.0002898066098199855
meantime,26.0,0.0002898066098199855
liberty,26.0,0.0002898066098199855
year,26.0,0.0002898066098199855
fancy,26.0,0.0002898066098199855
weeks,26.0,0.0002898066098199855
notice,26.0,0.0002898066098199855
thin,26.0,0.0002898066098199855
afterwards,26.0,0.0002898066098199855
lit,26.0,0.0002898066098199855
broad,26.0,0.0002898066098199855
inquired,26.0,0.0002898066098199855
taste,26.0,0.0002898066098199855
wait,26.0,0.0002898066098199855
pounds,26.0,0.0002898066098199855
expression,26.0,0.0002898066098199855
post,26.0,0.0002898066098199855
consider,26.0,0.0002898066098199855
moor,26.0,0.0002898066098199855
absolutely,26.0,0.0002898066098199855
foundation,26.0,0.0002898066098199855
wrong,25.0,0.0002786602017499861
drawn,25.0,0.0002786602017499861
knee,25.0,0.0002786602017499861
act,25.0,0.0002786602017499861
pain,25.0,0.0002786602017499861
shoulder,25.0,0.0002786602017499861
abbot,25.0,0.0002786602017499861
passion,25.0,0.0002786602017499861
fetch,25.0,0.0002786602017499861
easy,25.0,0.0002786602017499861
bitter,25.0,0.0002786602017499861
figure,25.0,0.0002786602017499861
considered,25.0,0.0002786602017499861
prepared,25.0,0.0002786602017499861
moved,25.0,0.0002786602017499861
path,25.0,0.0002786602017499861
town,25.0,0.0002786602017499861
gates,25.0,0.0002786602017499861
six,25.0,0.0002786602017499861
teachers,25.0,0.0002786602017499861
daughter,25.0,0.0002786602017499861
pupil,25.0,0.0002786602017499861
settled,25.0,0.0002786602017499861
desire,25.0,0.0002786602017499861
excited,25.0,0.0002786602017499861
reached,25.0,0.0002786602017499861
removed,25.0,0.0002786602017499861
touch,25.0,0.0002786602017499861
met,25.0,0.0002786602017499861
seems,25.0,0.0002786602017499861
circumstances,25.0,0.0002786602017499861
party,25.0,0.0002786602017499861
morton,25.0,0.0002786602017499861
english,24.0,0.0002675137936799866
cloud,24.0,0.0002675137936799866
cross,24.0,0.0002675137936799866
dim,24.0,0.0002675137936799866
standing,24.0,0.0002675137936799866
attention,24.0,0.0002675137936799866
discovered,24.0,0.0002675137936799866
instantly,24.0,0.0002675137936799866
spread,24.0,0.0002675137936799866
warm,24.0,0.0002675137936799866
reason,24.0,0.0002675137936799866
demanded,24.0,0.0002675137936799866
sick,24.0,0.0002675137936799866
eight,24.0,0.0002675137936799866
pride,24.0,0.0002675137936799866
died,24.0,0.0002675137936799866
gathered,24.0,0.0002675137936799866
mistress,24.0,0.0002675137936799866
seem,24.0,0.0002675137936799866
impossible,24.0,0.0002675137936799866
position,24.0,0.0002675137936799866
solitude,24.0,0.0002675137936799866
kiss,24.0,0.0002675137936799866
spoken,24.0,0.0002675137936799866
draw,24.0,0.0002675137936799866
likely,24.0,0.0002675137936799866
fresh,24.0,0.0002675137936799866
pilot,24.0,0.0002675137936799866
thousand,24.0,0.0002675137936799866
service,23.0,0.00025636738560998716
early,23.0,0.00025636738560998716
turning,23.0,0.00025636738560998716
distant,23.0,0.00025636738560998716
opinion,23.0,0.00025636738560998716
necessary,23.0,0.00025636738560998716
marble,23.0,0.00025636738560998716
comfort,23.0,0.00025636738560998716
wide,23.0,0.00025636738560998716
caught,23.0,0.00025636738560998716
able,23.0,0.00025636738560998716
charm,23.0,0.00025636738560998716
finished,23.0,0.00025636738560998716
pause,23.0,0.00025636738560998716
play,23.0,0.00025636738560998716
listened,23.0,0.00025636738560998716
clergyman,23.0,0.00025636738560998716
pretty,23.0,0.00025636738560998716
marked,23.0,0.00025636738560998716
shape,23.0,0.00025636738560998716
except,23.0,0.00025636738560998716
talking,23.0,0.00025636738560998716
coach,23.0,0.00025636738560998716
miller,23.0,0.00025636738560998716
shone,23.0,0.00025636738560998716
cloak,23.0,0.00025636738560998716
scatcherd,23.0,0.00025636738560998716
information,23.0,0.00025636738560998716
happiness,23.0,0.00025636738560998716
advanced,23.0,0.00025636738560998716
waiting,23.0,0.00025636738560998716
edward,23.0,0.00025636738560998716
winter,22.0,0.00024522097753998775
especially,22.0,0.00024522097753998775
birds,22.0,0.00024522097753998775
believed,22.0,0.00024522097753998775
object,22.0,0.00024522097753998775
immediately,22.0,0.00024522097753998775
follow,22.0,0.00024522097753998775
mad,22.0,0.00024522097753998775
lonely,22.0,0.00024522097753998775
forced,22.0,0.00024522097753998775
courage,22.0,0.00024522097753998775
gazed,22.0,0.00024522097753998775
bring,22.0,0.00024522097753998775
aunt,22.0,0.00024522097753998775
burnt,22.0,0.00024522097753998775
country,22.0,0.00024522097753998775
women,22.0,0.00024522097753998775
fixed,22.0,0.00024522097753998775
looks,22.0,0.00024522097753998775
expressed,22.0,0.00024522097753998775
top,22.0,0.00024522097753998775
pleased,22.0,0.00024522097753998775
amidst,22.0,0.00024522097753998775
gold,22.0,0.00024522097753998775
forgotten,22.0,0.00024522097753998775
remembered,22.0,0.00024522097753998775
leaving,22.0,0.00024522097753998775
veil,22.0,0.00024522097753998775
london,21.0,0.0002340745694699883
field,21.0,0.0002340745694699883
class,21.0,0.0002340745694699883
appearance,21.0,0.0002340745694699883
truly,21.0,0.0002340745694699883
generally,21.0,0.0002340745694699883
fields,21.0,0.0002340745694699883
thick,21.0,0.0002340745694699883
heavy,21.0,0.0002340745694699883
getting,21.0,0.0002340745694699883
reading,21.0,0.0002340745694699883
aware,21.0,0.0002340745694699883
neck,21.0,0.0002340745694699883
apartment,21.0,0.0002340745694699883
solemn,21.0,0.0002340745694699883
nine,21.0,0.0002340745694699883
repeated,21.0,0.0002340745694699883
fall,21.0,0.0002340745694699883
general,21.0,0.0002340745694699883
running,21.0,0.0002340745694699883
staircase,21.0,0.0002340745694699883
worse,21.0,0.0002340745694699883
making,21.0,0.0002340745694699883
fully,21.0,0.0002340745694699883
knows,21.0,0.0002340745694699883
doors,21.0,0.0002340745694699883
gentle,21.0,0.0002340745694699883
contrary,21.0,0.0002340745694699883
burning,21.0,0.0002340745694699883
uttered,21.0,0.0002340745694699883
whispered,21.0,0.0002340745694699883
common,21.0,0.0002340745694699883
creature,21.0,0.0002340745694699883
points,21.0,0.0002340745694699883
surprised,21.0,0.0002340745694699883
ye,21.0,0.0002340745694699883
hay,21.0,0.0002340745694699883
ah,21.0,0.0002340745694699883
stern,21.0,0.0002340745694699883
confidence,21.0,0.0002340745694699883
gaze,21.0,0.0002340745694699883
force,21.0,0.0002340745694699883
explanation,20.0,0.00022292816139998886
fingers,20.0,0.00022292816139998886
space,20.0,0.00022292816139998886
formed,20.0,0.00022292816139998886
madam,20.0,0.00022292816139998886
cry,20.0,0.00022292816139998886
spring,20.0,0.00022292816139998886
break,20.0,0.00022292816139998886
chance,20.0,0.00022292816139998886
covered,20.0,0.00022292816139998886
curls,20.0,0.00022292816139998886
silk,20.0,0.00022292816139998886
duty,20.0,0.00022292816139998886
farther,20.0,0.00022292816139998886
bound,20.0,0.00022292816139998886
judgment,20.0,0.00022292816139998886
sank,20.0,0.00022292816139998886
fit,20.0,0.00022292816139998886
carried,20.0,0.00022292816139998886
hot,20.0,0.00022292816139998886
passage,20.0,0.00022292816139998886
perfect,20.0,0.00022292816139998886
obliged,20.0,0.00022292816139998886
learn,20.0,0.00022292816139998886
supper,20.0,0.00022292816139998886
roof,20.0,0.00022292816139998886
evidently,20.0,0.00022292816139998886
breath,20.0,0.00022292816139998886
daily,20.0,0.00022292816139998886
rooms,20.0,0.00022292816139998886
straight,20.0,0.00022292816139998886
mouth,20.0,0.00022292816139998886
visit,20.0,0.00022292816139998886
bye,20.0,0.00022292816139998886
experience,20.0,0.00022292816139998886
minute,20.0,0.00022292816139998886
middle,20.0,0.00022292816139998886
resumed,20.0,0.00022292816139998886
lower,20.0,0.00022292816139998886
appear,20.0,0.00022292816139998886
content,20.0,0.00022292816139998886
born,20.0,0.00022292816139998886
india,20.0,0.00022292816139998886
lynn,20.0,0.00022292816139998886
bride,20.0,0.00022292816139998886
janet,20.0,0.00022292816139998886
license,19.0,0.00021178175332998942
energy,19.0,0.00021178175332998942
line,19.0,0.00021178175332998942
regard,19.0,0.00021178175332998942
summer,19.0,0.00021178175332998942
claim,19.0,0.00021178175332998942
possessed,19.0,0.00021178175332998942
view,19.0,0.00021178175332998942
sea,19.0,0.00021178175332998942
allowed,19.0,0.00021178175332998942
fairy,19.0,0.00021178175332998942
succeeded,19.0,0.00021178175332998942
suffering,19.0,0.00021178175332998942
disposed,19.0,0.00021178175332998942
missis,19.0,0.00021178175332998942
secret,19.0,0.00021178175332998942
piece,19.0,0.00021178175332998942
move,19.0,0.00021178175332998942
complete,19.0,0.00021178175332998942
wishes,19.0,0.00021178175332998942
recall,19.0,0.00021178175332998942
alive,19.0,0.00021178175332998942
noise,19.0,0.00021178175332998942
purpose,19.0,0.00021178175332998942
raised,19.0,0.00021178175332998942
asleep,19.0,0.00021178175332998942
addressed,19.0,0.00021178175332998942
surely,19.0,0.00021178175332998942
pocket,19.0,0.00021178175332998942
result,19.0,0.00021178175332998942
journey,19.0,0.00021178175332998942
entrance,19.0,0.00021178175332998942
waited,19.0,0.00021178175332998942
spirits,19.0,0.00021178175332998942
kissed,19.0,0.00021178175332998942
visible,19.0,0.00021178175332998942
dining,19.0,0.00021178175332998942
enter,19.0,0.00021178175332998942
efforts,19.0,0.00021178175332998942
obeyed,19.0,0.00021178175332998942
trust,19.0,0.00021178175332998942
expect,19.0,0.00021178175332998942
suffer,19.0,0.00021178175332998942
hills,19.0,0.00021178175332998942
brown,19.0,0.00021178175332998942
single,19.0,0.00021178175332998942
written,19.0,0.00021178175332998942
whence,19.0,0.00021178175332998942
respect,19.0,0.00021178175332998942
movement,19.0,0.00021178175332998942
cool,19.0,0.00021178175332998942
joy,19.0,0.00021178175332998942
colonel,19.0,0.00021178175332998942
blanche,19.0,0.00021178175332998942
therefore,18.0,0.00020063534525998996
explain,18.0,0.00020063534525998996
wandering,18.0,0.00020063534525998996
seated,18.0,0.00020063534525998996
solitary,18.0,0.00020063534525998996
among,18.0,0.00020063534525998996
dreary,18.0,0.00020063534525998996
snow,18.0,0.00020063534525998996
run,18.0,0.00020063534525998996
vision,18.0,0.00020063534525998996
forth,18.0,0.00020063534525998996
month,18.0,0.00020063534525998996
continually,18.0,0.00020063534525998996
thence,18.0,0.00020063534525998996
shame,18.0,0.00020063534525998996
colour,18.0,0.00020063534525998996
brilliant,18.0,0.00020063534525998996
dread,18.0,0.00020063534525998996
stirred,18.0,0.00020063534525998996
across,18.0,0.00020063534525998996
key,18.0,0.00020063534525998996
seeing,18.0,0.00020063534525998996
pronounced,18.0,0.00020063534525998996
sentence,18.0,0.00020063534525998996
putting,18.0,0.00020063534525998996
kindness,18.0,0.00020063534525998996
peace,18.0,0.00020063534525998996
hitherto,18.0,0.00020063534525998996
weary,18.0,0.00020063534525998996
charge,18.0,0.00020063534525998996
express,18.0,0.00020063534525998996
village,18.0,0.00020063534525998996
hearing,18.0,0.00020063534525998996
instead,18.0,0.00020063534525998996
grounds,18.0,0.00020063534525998996
influence,18.0,0.00020063534525998996
opening,18.0,0.00020063534525998996
examined,18.0,0.00020063534525998996
christian,18.0,0.00020063534525998996
habits,18.0,0.00020063534525998996
thirty,18.0,0.00020063534525998996
plainly,18.0,0.00020063534525998996
questions,18.0,0.00020063534525998996
heath,18.0,0.00020063534525998996
changed,18.0,0.00020063534525998996
touched,18.0,0.00020063534525998996
smooth,18.0,0.00020063534525998996
event,18.0,0.00020063534525998996
degree,18.0,0.00020063534525998996
companion,18.0,0.00020063534525998996
fate,18.0,0.00020063534525998996
naturally,18.0,0.00020063534525998996
goodness,18.0,0.00020063534525998996
longed,18.0,0.00020063534525998996
fortnight,18.0,0.00020063534525998996
receive,18.0,0.00020063534525998996
danger,18.0,0.00020063534525998996
mademoiselle,18.0,0.00020063534525998996
peculiar,18.0,0.00020063534525998996
union,18.0,0.00020063534525998996
agreement,18.0,0.00020063534525998996
public,17.0,0.00018948893718999052
vague,17.0,0.00018948893718999052
repeat,17.0,0.00018948893718999052
accept,17.0,0.00018948893718999052
clouds,17.0,0.00018948893718999052
aspect,17.0,0.00018948893718999052
approach,17.0,0.00018948893718999052
health,17.0,0.00018948893718999052
spent,17.0,0.00018948893718999052
tongue,17.0,0.00018948893718999052
curtains,17.0,0.00018948893718999052
clothes,17.0,0.00018948893718999052
teach,17.0,0.00018948893718999052
windows,17.0,0.00018948893718999052
excitement,17.0,0.00018948893718999052
painful,17.0,0.00018948893718999052
prayers,17.0,0.00018948893718999052
effect,17.0,0.00018948893718999052
brain,17.0,0.00018948893718999052
darkness,17.0,0.00018948893718999052
loud,17.0,0.00018948893718999052
forgive,17.0,0.00018948893718999052
vain,17.0,0.00018948893718999052
daresay,17.0,0.00018948893718999052
yesterday,17.0,0.00018948893718999052
stayed,17.0,0.00018948893718999052
difficult,17.0,0.00018948893718999052
surveyed,17.0,0.00018948893718999052
swept,17.0,0.00018948893718999052
listening,17.0,0.00018948893718999052
noticed,17.0,0.00018948893718999052
safe,17.0,0.00018948893718999052
stairs,17.0,0.00018948893718999052
summoned,17.0,0.00018948893718999052
paper,17.0,0.00018948893718999052
slowly,17.0,0.00018948893718999052
cast,17.0,0.00018948893718999052
remarked,17.0,0.00018948893718999052
